-- phpMyAdmin SQL Dump
-- version 3.5.7
-- http://www.phpmyadmin.net
--
-- Servidor: localhost
-- Tiempo de generación: 30-12-2013 a las 19:54:43
-- Versión del servidor: 5.5.29
-- Versión de PHP: 5.4.10

SET SQL_MODE="NO_AUTO_VALUE_ON_ZERO";
SET time_zone = "+00:00";

--
-- Base de datos: `politicos`
--

-- --------------------------------------------------------

--
-- Estructura de tabla para la tabla `ziax6_assets`
--

CREATE TABLE `ziax6_assets` (
  `id` int(10) unsigned NOT NULL AUTO_INCREMENT COMMENT 'Primary Key',
  `parent_id` int(11) NOT NULL DEFAULT '0' COMMENT 'Nested set parent.',
  `lft` int(11) NOT NULL DEFAULT '0' COMMENT 'Nested set lft.',
  `rgt` int(11) NOT NULL DEFAULT '0' COMMENT 'Nested set rgt.',
  `level` int(10) unsigned NOT NULL COMMENT 'The cached level in the nested tree.',
  `name` varchar(50) NOT NULL COMMENT 'The unique name for the asset.\n',
  `title` varchar(100) NOT NULL COMMENT 'The descriptive title for the asset.',
  `rules` varchar(5120) NOT NULL COMMENT 'JSON encoded access control.',
  PRIMARY KEY (`id`),
  UNIQUE KEY `idx_asset_name` (`name`),
  KEY `idx_lft_rgt` (`lft`,`rgt`),
  KEY `idx_parent_id` (`parent_id`)
) ENGINE=InnoDB  DEFAULT CHARSET=utf8 AUTO_INCREMENT=66 ;

--
-- Volcado de datos para la tabla `ziax6_assets`
--

INSERT INTO `ziax6_assets` (`id`, `parent_id`, `lft`, `rgt`, `level`, `name`, `title`, `rules`) VALUES
(1, 0, 0, 129, 0, 'root.1', 'Root Asset', '{"core.login.site":{"6":1,"2":1},"core.login.admin":{"6":1},"core.login.offline":{"6":1},"core.admin":{"8":1},"core.manage":{"7":1},"core.create":{"6":1,"3":1},"core.delete":{"6":1},"core.edit":{"6":1,"4":1},"core.edit.state":{"6":1,"5":1},"core.edit.own":{"6":1,"3":1}}'),
(2, 1, 1, 2, 1, 'com_admin', 'com_admin', '{}'),
(3, 1, 3, 6, 1, 'com_banners', 'com_banners', '{"core.admin":{"7":1},"core.manage":{"6":1},"core.create":[],"core.delete":[],"core.edit":[],"core.edit.state":[]}'),
(4, 1, 7, 8, 1, 'com_cache', 'com_cache', '{"core.admin":{"7":1},"core.manage":{"7":1}}'),
(5, 1, 9, 10, 1, 'com_checkin', 'com_checkin', '{"core.admin":{"7":1},"core.manage":{"7":1}}'),
(6, 1, 11, 12, 1, 'com_config', 'com_config', '{}'),
(7, 1, 13, 16, 1, 'com_contact', 'com_contact', '{"core.admin":{"7":1},"core.manage":{"6":1},"core.create":[],"core.delete":[],"core.edit":[],"core.edit.state":[],"core.edit.own":[]}'),
(8, 1, 17, 32, 1, 'com_content', 'com_content', '{"core.admin":{"7":1},"core.manage":{"6":1},"core.create":{"3":1},"core.delete":[],"core.edit":{"4":1},"core.edit.state":{"5":1},"core.edit.own":[]}'),
(9, 1, 33, 34, 1, 'com_cpanel', 'com_cpanel', '{}'),
(10, 1, 35, 36, 1, 'com_installer', 'com_installer', '{"core.admin":[],"core.manage":{"7":0},"core.delete":{"7":0},"core.edit.state":{"7":0}}'),
(11, 1, 37, 38, 1, 'com_languages', 'com_languages', '{"core.admin":{"7":1},"core.manage":[],"core.create":[],"core.delete":[],"core.edit":[],"core.edit.state":[]}'),
(12, 1, 39, 40, 1, 'com_login', 'com_login', '{}'),
(13, 1, 41, 42, 1, 'com_mailto', 'com_mailto', '{}'),
(14, 1, 43, 44, 1, 'com_massmail', 'com_massmail', '{}'),
(15, 1, 45, 46, 1, 'com_media', 'com_media', '{"core.admin":{"7":1},"core.manage":{"6":1},"core.create":{"3":1},"core.delete":{"5":1}}'),
(16, 1, 47, 48, 1, 'com_menus', 'com_menus', '{"core.admin":{"7":1},"core.manage":[],"core.create":[],"core.delete":[],"core.edit":[],"core.edit.state":[]}'),
(17, 1, 49, 50, 1, 'com_messages', 'com_messages', '{"core.admin":{"7":1},"core.manage":{"7":1}}'),
(18, 1, 51, 92, 1, 'com_modules', 'com_modules', '{"core.admin":{"7":1},"core.manage":[],"core.create":[],"core.delete":[],"core.edit":[],"core.edit.state":[]}'),
(19, 1, 93, 96, 1, 'com_newsfeeds', 'com_newsfeeds', '{"core.admin":{"7":1},"core.manage":{"6":1},"core.create":[],"core.delete":[],"core.edit":[],"core.edit.state":[],"core.edit.own":[]}'),
(20, 1, 97, 98, 1, 'com_plugins', 'com_plugins', '{"core.admin":{"7":1},"core.manage":[],"core.edit":[],"core.edit.state":[]}'),
(21, 1, 99, 100, 1, 'com_redirect', 'com_redirect', '{"core.admin":{"7":1},"core.manage":[]}'),
(22, 1, 101, 102, 1, 'com_search', 'com_search', '{"core.admin":{"7":1},"core.manage":{"6":1}}'),
(23, 1, 103, 104, 1, 'com_templates', 'com_templates', '{"core.admin":{"7":1},"core.manage":[],"core.create":[],"core.delete":[],"core.edit":[],"core.edit.state":[]}'),
(24, 1, 105, 108, 1, 'com_users', 'com_users', '{"core.admin":{"7":1},"core.manage":[],"core.create":[],"core.delete":[],"core.edit":[],"core.edit.state":[]}'),
(25, 1, 109, 112, 1, 'com_weblinks', 'com_weblinks', '{"core.admin":{"7":1},"core.manage":{"6":1},"core.create":{"3":1},"core.delete":[],"core.edit":{"4":1},"core.edit.state":{"5":1},"core.edit.own":[]}'),
(26, 1, 113, 114, 1, 'com_wrapper', 'com_wrapper', '{}'),
(27, 8, 18, 19, 2, 'com_content.category.2', 'Uncategorised', '{"core.create":[],"core.delete":[],"core.edit":[],"core.edit.state":[],"core.edit.own":[]}'),
(28, 3, 4, 5, 2, 'com_banners.category.3', 'Uncategorised', '{"core.create":[],"core.delete":[],"core.edit":[],"core.edit.state":[]}'),
(29, 7, 14, 15, 2, 'com_contact.category.4', 'Uncategorised', '{"core.create":[],"core.delete":[],"core.edit":[],"core.edit.state":[],"core.edit.own":[]}'),
(30, 19, 94, 95, 2, 'com_newsfeeds.category.5', 'Uncategorised', '{"core.create":[],"core.delete":[],"core.edit":[],"core.edit.state":[],"core.edit.own":[]}'),
(31, 25, 110, 111, 2, 'com_weblinks.category.6', 'Uncategorised', '{"core.create":[],"core.delete":[],"core.edit":[],"core.edit.state":[],"core.edit.own":[]}'),
(32, 24, 106, 107, 1, 'com_users.category.7', 'Uncategorised', '{"core.create":[],"core.delete":[],"core.edit":[],"core.edit.state":[]}'),
(33, 1, 115, 116, 1, 'com_finder', 'com_finder', '{"core.admin":{"7":1},"core.manage":{"6":1}}'),
(34, 1, 117, 118, 1, 'com_joomlaupdate', 'com_joomlaupdate', '{"core.admin":[],"core.manage":[],"core.delete":[],"core.edit.state":[]}'),
(35, 1, 119, 120, 1, 'com_tags', 'com_tags', '{"core.admin":[],"core.manage":[],"core.manage":[],"core.delete":[],"core.edit.state":[]}'),
(36, 1, 121, 122, 1, 'com_contenthistory', 'com_contenthistory', '{}'),
(37, 1, 123, 124, 1, 'com_ajax', 'com_ajax', '{}'),
(38, 1, 125, 126, 1, 'com_postinstall', 'com_postinstall', '{}'),
(39, 18, 52, 53, 2, 'com_modules.module.1', 'Main Menu', '{"core.delete":[],"core.edit":[],"core.edit.state":[]}'),
(40, 18, 54, 55, 2, 'com_modules.module.2', 'Login', '{"core.delete":[],"core.edit":[],"core.edit.state":[]}'),
(41, 18, 56, 57, 2, 'com_modules.module.3', 'Popular Articles', '{"core.delete":[],"core.edit":[],"core.edit.state":[]}'),
(42, 18, 58, 59, 2, 'com_modules.module.4', 'Recently Added Articles', '{"core.delete":[],"core.edit":[],"core.edit.state":[]}'),
(43, 18, 60, 61, 2, 'com_modules.module.8', 'Toolbar', '{"core.delete":[],"core.edit":[],"core.edit.state":[]}'),
(44, 18, 62, 63, 2, 'com_modules.module.9', 'Quick Icons', '{"core.delete":[],"core.edit":[],"core.edit.state":[]}'),
(45, 18, 64, 65, 2, 'com_modules.module.10', 'Logged-in Users', '{"core.delete":[],"core.edit":[],"core.edit.state":[]}'),
(46, 18, 66, 67, 2, 'com_modules.module.12', 'Admin Menu', '{"core.delete":[],"core.edit":[],"core.edit.state":[]}'),
(47, 18, 68, 69, 2, 'com_modules.module.13', 'Admin Submenu', '{"core.delete":[],"core.edit":[],"core.edit.state":[]}'),
(48, 18, 70, 71, 2, 'com_modules.module.14', 'User Status', '{"core.delete":[],"core.edit":[],"core.edit.state":[]}'),
(49, 18, 72, 73, 2, 'com_modules.module.15', 'Title', '{"core.delete":[],"core.edit":[],"core.edit.state":[]}'),
(50, 18, 74, 75, 2, 'com_modules.module.16', 'Login Form', '{"core.delete":[],"core.edit":[],"core.edit.state":[]}'),
(51, 18, 76, 77, 2, 'com_modules.module.17', 'Breadcrumbs', '{"core.delete":{"6":1},"core.edit":{"6":1,"4":1},"core.edit.state":{"6":1,"5":1}}'),
(52, 18, 78, 79, 2, 'com_modules.module.79', 'Multilanguage status', '{"core.delete":[],"core.edit":[],"core.edit.state":[]}'),
(53, 18, 80, 81, 2, 'com_modules.module.86', 'Joomla Version', '{"core.delete":[],"core.edit":[],"core.edit.state":[]}'),
(54, 18, 82, 83, 2, 'com_modules.module.87', 'Logo', '{"core.delete":{"6":1},"core.edit":{"6":1,"4":1},"core.edit.state":{"6":1,"5":1}}'),
(55, 1, 127, 128, 1, 'com_jce', 'jce', '{}'),
(56, 61, 23, 24, 3, 'com_content.article.1', 'Perfil de Jorge Eliécer', '{"core.delete":{"6":1},"core.edit":{"6":1,"4":1},"core.edit.state":{"6":1,"5":1}}'),
(57, 61, 21, 22, 3, 'com_content.article.2', 'Jorge propone para el 2014', '{"core.delete":{"6":1},"core.edit":{"6":1,"4":1},"core.edit.state":{"6":1,"5":1}}'),
(58, 18, 84, 85, 2, 'com_modules.module.88', 'Banner senado', '{"core.delete":{"6":1},"core.edit":{"6":1,"4":1},"core.edit.state":{"6":1,"5":1}}'),
(59, 18, 86, 87, 2, 'com_modules.module.89', 'Banner Partido de la U', '{"core.delete":{"6":1},"core.edit":{"6":1,"4":1},"core.edit.state":{"6":1,"5":1}}'),
(60, 18, 88, 89, 2, 'com_modules.module.90', 'Propuestas de Campaña:', '{"core.delete":{"6":1},"core.edit":{"6":1,"4":1},"core.edit.state":{"6":1,"5":1}}'),
(61, 8, 20, 25, 2, 'com_content.category.8', 'Jorge Tamayo', '{"core.create":{"6":1,"3":1},"core.delete":{"6":1},"core.edit":{"6":1,"4":1},"core.edit.state":{"6":1,"5":1},"core.edit.own":{"6":1,"3":1}}'),
(62, 8, 26, 31, 2, 'com_content.category.9', 'Noticias', '{"core.create":{"6":1,"3":1},"core.delete":{"6":1},"core.edit":{"6":1,"4":1},"core.edit.state":{"6":1,"5":1},"core.edit.own":{"6":1,"3":1}}'),
(63, 62, 27, 28, 3, 'com_content.article.3', 'Así se arman', '{"core.delete":{"6":1},"core.edit":{"6":1,"4":1},"core.edit.state":{"6":1,"5":1}}'),
(64, 62, 29, 30, 3, 'com_content.article.4', 'La organización política nueva generación', '{"core.delete":{"6":1},"core.edit":{"6":1,"4":1},"core.edit.state":{"6":1,"5":1}}'),
(65, 18, 90, 91, 2, 'com_modules.module.91', 'Redes Sociales', '{"core.delete":{"6":1},"core.edit":{"6":1,"4":1},"core.edit.state":{"6":1,"5":1}}');

-- --------------------------------------------------------

--
-- Estructura de tabla para la tabla `ziax6_associations`
--

CREATE TABLE `ziax6_associations` (
  `id` int(11) NOT NULL COMMENT 'A reference to the associated item.',
  `context` varchar(50) NOT NULL COMMENT 'The context of the associated item.',
  `key` char(32) NOT NULL COMMENT 'The key for the association computed from an md5 on associated ids.',
  PRIMARY KEY (`context`,`id`),
  KEY `idx_key` (`key`)
) ENGINE=InnoDB DEFAULT CHARSET=utf8;

-- --------------------------------------------------------

--
-- Estructura de tabla para la tabla `ziax6_banners`
--

CREATE TABLE `ziax6_banners` (
  `id` int(11) NOT NULL AUTO_INCREMENT,
  `cid` int(11) NOT NULL DEFAULT '0',
  `type` int(11) NOT NULL DEFAULT '0',
  `name` varchar(255) NOT NULL DEFAULT '',
  `alias` varchar(255) CHARACTER SET utf8 COLLATE utf8_bin NOT NULL DEFAULT '',
  `imptotal` int(11) NOT NULL DEFAULT '0',
  `impmade` int(11) NOT NULL DEFAULT '0',
  `clicks` int(11) NOT NULL DEFAULT '0',
  `clickurl` varchar(200) NOT NULL DEFAULT '',
  `state` tinyint(3) NOT NULL DEFAULT '0',
  `catid` int(10) unsigned NOT NULL DEFAULT '0',
  `description` text NOT NULL,
  `custombannercode` varchar(2048) NOT NULL,
  `sticky` tinyint(1) unsigned NOT NULL DEFAULT '0',
  `ordering` int(11) NOT NULL DEFAULT '0',
  `metakey` text NOT NULL,
  `params` text NOT NULL,
  `own_prefix` tinyint(1) NOT NULL DEFAULT '0',
  `metakey_prefix` varchar(255) NOT NULL DEFAULT '',
  `purchase_type` tinyint(4) NOT NULL DEFAULT '-1',
  `track_clicks` tinyint(4) NOT NULL DEFAULT '-1',
  `track_impressions` tinyint(4) NOT NULL DEFAULT '-1',
  `checked_out` int(10) unsigned NOT NULL DEFAULT '0',
  `checked_out_time` datetime NOT NULL DEFAULT '0000-00-00 00:00:00',
  `publish_up` datetime NOT NULL DEFAULT '0000-00-00 00:00:00',
  `publish_down` datetime NOT NULL DEFAULT '0000-00-00 00:00:00',
  `reset` datetime NOT NULL DEFAULT '0000-00-00 00:00:00',
  `created` datetime NOT NULL DEFAULT '0000-00-00 00:00:00',
  `language` char(7) NOT NULL DEFAULT '',
  `created_by` int(10) unsigned NOT NULL DEFAULT '0',
  `created_by_alias` varchar(255) NOT NULL DEFAULT '',
  `modified` datetime NOT NULL DEFAULT '0000-00-00 00:00:00',
  `modified_by` int(10) unsigned NOT NULL DEFAULT '0',
  `version` int(10) unsigned NOT NULL DEFAULT '1',
  PRIMARY KEY (`id`),
  KEY `idx_state` (`state`),
  KEY `idx_own_prefix` (`own_prefix`),
  KEY `idx_metakey_prefix` (`metakey_prefix`),
  KEY `idx_banner_catid` (`catid`),
  KEY `idx_language` (`language`)
) ENGINE=InnoDB DEFAULT CHARSET=utf8 AUTO_INCREMENT=1 ;

-- --------------------------------------------------------

--
-- Estructura de tabla para la tabla `ziax6_banner_clients`
--

CREATE TABLE `ziax6_banner_clients` (
  `id` int(11) NOT NULL AUTO_INCREMENT,
  `name` varchar(255) NOT NULL DEFAULT '',
  `contact` varchar(255) NOT NULL DEFAULT '',
  `email` varchar(255) NOT NULL DEFAULT '',
  `extrainfo` text NOT NULL,
  `state` tinyint(3) NOT NULL DEFAULT '0',
  `checked_out` int(10) unsigned NOT NULL DEFAULT '0',
  `checked_out_time` datetime NOT NULL DEFAULT '0000-00-00 00:00:00',
  `metakey` text NOT NULL,
  `own_prefix` tinyint(4) NOT NULL DEFAULT '0',
  `metakey_prefix` varchar(255) NOT NULL DEFAULT '',
  `purchase_type` tinyint(4) NOT NULL DEFAULT '-1',
  `track_clicks` tinyint(4) NOT NULL DEFAULT '-1',
  `track_impressions` tinyint(4) NOT NULL DEFAULT '-1',
  PRIMARY KEY (`id`),
  KEY `idx_own_prefix` (`own_prefix`),
  KEY `idx_metakey_prefix` (`metakey_prefix`)
) ENGINE=InnoDB DEFAULT CHARSET=utf8 AUTO_INCREMENT=1 ;

-- --------------------------------------------------------

--
-- Estructura de tabla para la tabla `ziax6_banner_tracks`
--

CREATE TABLE `ziax6_banner_tracks` (
  `track_date` datetime NOT NULL,
  `track_type` int(10) unsigned NOT NULL,
  `banner_id` int(10) unsigned NOT NULL,
  `count` int(10) unsigned NOT NULL DEFAULT '0',
  PRIMARY KEY (`track_date`,`track_type`,`banner_id`),
  KEY `idx_track_date` (`track_date`),
  KEY `idx_track_type` (`track_type`),
  KEY `idx_banner_id` (`banner_id`)
) ENGINE=InnoDB DEFAULT CHARSET=utf8;

-- --------------------------------------------------------

--
-- Estructura de tabla para la tabla `ziax6_categories`
--

CREATE TABLE `ziax6_categories` (
  `id` int(11) NOT NULL AUTO_INCREMENT,
  `asset_id` int(10) unsigned NOT NULL DEFAULT '0' COMMENT 'FK to the #__assets table.',
  `parent_id` int(10) unsigned NOT NULL DEFAULT '0',
  `lft` int(11) NOT NULL DEFAULT '0',
  `rgt` int(11) NOT NULL DEFAULT '0',
  `level` int(10) unsigned NOT NULL DEFAULT '0',
  `path` varchar(255) NOT NULL DEFAULT '',
  `extension` varchar(50) NOT NULL DEFAULT '',
  `title` varchar(255) NOT NULL,
  `alias` varchar(255) CHARACTER SET utf8 COLLATE utf8_bin NOT NULL DEFAULT '',
  `note` varchar(255) NOT NULL DEFAULT '',
  `description` mediumtext NOT NULL,
  `published` tinyint(1) NOT NULL DEFAULT '0',
  `checked_out` int(11) unsigned NOT NULL DEFAULT '0',
  `checked_out_time` datetime NOT NULL DEFAULT '0000-00-00 00:00:00',
  `access` int(10) unsigned NOT NULL DEFAULT '0',
  `params` text NOT NULL,
  `metadesc` varchar(1024) NOT NULL COMMENT 'The meta description for the page.',
  `metakey` varchar(1024) NOT NULL COMMENT 'The meta keywords for the page.',
  `metadata` varchar(2048) NOT NULL COMMENT 'JSON encoded metadata properties.',
  `created_user_id` int(10) unsigned NOT NULL DEFAULT '0',
  `created_time` datetime NOT NULL DEFAULT '0000-00-00 00:00:00',
  `modified_user_id` int(10) unsigned NOT NULL DEFAULT '0',
  `modified_time` datetime NOT NULL DEFAULT '0000-00-00 00:00:00',
  `hits` int(10) unsigned NOT NULL DEFAULT '0',
  `language` char(7) NOT NULL,
  `version` int(10) unsigned NOT NULL DEFAULT '1',
  PRIMARY KEY (`id`),
  KEY `cat_idx` (`extension`,`published`,`access`),
  KEY `idx_access` (`access`),
  KEY `idx_checkout` (`checked_out`),
  KEY `idx_path` (`path`),
  KEY `idx_left_right` (`lft`,`rgt`),
  KEY `idx_alias` (`alias`),
  KEY `idx_language` (`language`)
) ENGINE=InnoDB  DEFAULT CHARSET=utf8 AUTO_INCREMENT=10 ;

--
-- Volcado de datos para la tabla `ziax6_categories`
--

INSERT INTO `ziax6_categories` (`id`, `asset_id`, `parent_id`, `lft`, `rgt`, `level`, `path`, `extension`, `title`, `alias`, `note`, `description`, `published`, `checked_out`, `checked_out_time`, `access`, `params`, `metadesc`, `metakey`, `metadata`, `created_user_id`, `created_time`, `modified_user_id`, `modified_time`, `hits`, `language`, `version`) VALUES
(1, 0, 0, 0, 17, 0, '', 'system', 'ROOT', 'root', '', '', 1, 0, '0000-00-00 00:00:00', 1, '{}', '', '', '', 42, '2011-01-01 00:00:01', 0, '0000-00-00 00:00:00', 0, '*', 1),
(2, 27, 1, 1, 2, 1, 'uncategorised', 'com_content', 'Uncategorised', 'uncategorised', '', '', 1, 0, '0000-00-00 00:00:00', 1, '{"target":"","image":""}', '', '', '{"page_title":"","author":"","robots":""}', 42, '2011-01-01 00:00:01', 0, '0000-00-00 00:00:00', 0, '*', 1),
(3, 28, 1, 3, 4, 1, 'uncategorised', 'com_banners', 'Uncategorised', 'uncategorised', '', '', 1, 0, '0000-00-00 00:00:00', 1, '{"target":"","image":"","foobar":""}', '', '', '{"page_title":"","author":"","robots":""}', 42, '2011-01-01 00:00:01', 0, '0000-00-00 00:00:00', 0, '*', 1),
(4, 29, 1, 5, 6, 1, 'uncategorised', 'com_contact', 'Uncategorised', 'uncategorised', '', '', 1, 0, '0000-00-00 00:00:00', 1, '{"target":"","image":""}', '', '', '{"page_title":"","author":"","robots":""}', 42, '2011-01-01 00:00:01', 0, '0000-00-00 00:00:00', 0, '*', 1),
(5, 30, 1, 7, 8, 1, 'uncategorised', 'com_newsfeeds', 'Uncategorised', 'uncategorised', '', '', 1, 0, '0000-00-00 00:00:00', 1, '{"target":"","image":""}', '', '', '{"page_title":"","author":"","robots":""}', 42, '2011-01-01 00:00:01', 0, '0000-00-00 00:00:00', 0, '*', 1),
(6, 31, 1, 9, 10, 1, 'uncategorised', 'com_weblinks', 'Uncategorised', 'uncategorised', '', '', 1, 0, '0000-00-00 00:00:00', 1, '{"target":"","image":""}', '', '', '{"page_title":"","author":"","robots":""}', 42, '2011-01-01 00:00:01', 0, '0000-00-00 00:00:00', 0, '*', 1),
(7, 32, 1, 11, 12, 1, 'uncategorised', 'com_users', 'Uncategorised', 'uncategorised', '', '', 1, 0, '0000-00-00 00:00:00', 1, '{"target":"","image":""}', '', '', '{"page_title":"","author":"","robots":""}', 42, '2011-01-01 00:00:01', 0, '0000-00-00 00:00:00', 0, '*', 1),
(8, 61, 1, 13, 14, 1, 'jorge-tamayo', 'com_content', 'Jorge Tamayo', 'jorge-tamayo', '', 'Publicaciones relacionadas a Jorge Tamayo', 1, 0, '0000-00-00 00:00:00', 1, '{"category_layout":"","image":""}', '', '', '{"author":"","robots":""}', 205, '2013-12-27 16:21:24', 0, '0000-00-00 00:00:00', 0, '*', 1),
(9, 62, 1, 15, 16, 1, 'noticias', 'com_content', 'Noticias', 'noticias', '', '', 1, 0, '0000-00-00 00:00:00', 1, '{"category_layout":"","image":""}', '', '', '{"author":"","robots":""}', 205, '2013-12-27 16:24:23', 0, '0000-00-00 00:00:00', 0, '*', 1);

-- --------------------------------------------------------

--
-- Estructura de tabla para la tabla `ziax6_contact_details`
--

CREATE TABLE `ziax6_contact_details` (
  `id` int(11) NOT NULL AUTO_INCREMENT,
  `name` varchar(255) NOT NULL DEFAULT '',
  `alias` varchar(255) CHARACTER SET utf8 COLLATE utf8_bin NOT NULL DEFAULT '',
  `con_position` varchar(255) DEFAULT NULL,
  `address` text,
  `suburb` varchar(100) DEFAULT NULL,
  `state` varchar(100) DEFAULT NULL,
  `country` varchar(100) DEFAULT NULL,
  `postcode` varchar(100) DEFAULT NULL,
  `telephone` varchar(255) DEFAULT NULL,
  `fax` varchar(255) DEFAULT NULL,
  `misc` mediumtext,
  `image` varchar(255) DEFAULT NULL,
  `email_to` varchar(255) DEFAULT NULL,
  `default_con` tinyint(1) unsigned NOT NULL DEFAULT '0',
  `published` tinyint(1) NOT NULL DEFAULT '0',
  `checked_out` int(10) unsigned NOT NULL DEFAULT '0',
  `checked_out_time` datetime NOT NULL DEFAULT '0000-00-00 00:00:00',
  `ordering` int(11) NOT NULL DEFAULT '0',
  `params` text NOT NULL,
  `user_id` int(11) NOT NULL DEFAULT '0',
  `catid` int(11) NOT NULL DEFAULT '0',
  `access` int(10) unsigned NOT NULL DEFAULT '0',
  `mobile` varchar(255) NOT NULL DEFAULT '',
  `webpage` varchar(255) NOT NULL DEFAULT '',
  `sortname1` varchar(255) NOT NULL,
  `sortname2` varchar(255) NOT NULL,
  `sortname3` varchar(255) NOT NULL,
  `language` char(7) NOT NULL,
  `created` datetime NOT NULL DEFAULT '0000-00-00 00:00:00',
  `created_by` int(10) unsigned NOT NULL DEFAULT '0',
  `created_by_alias` varchar(255) NOT NULL DEFAULT '',
  `modified` datetime NOT NULL DEFAULT '0000-00-00 00:00:00',
  `modified_by` int(10) unsigned NOT NULL DEFAULT '0',
  `metakey` text NOT NULL,
  `metadesc` text NOT NULL,
  `metadata` text NOT NULL,
  `featured` tinyint(3) unsigned NOT NULL DEFAULT '0' COMMENT 'Set if article is featured.',
  `xreference` varchar(50) NOT NULL COMMENT 'A reference to enable linkages to external data sets.',
  `publish_up` datetime NOT NULL DEFAULT '0000-00-00 00:00:00',
  `publish_down` datetime NOT NULL DEFAULT '0000-00-00 00:00:00',
  `version` int(10) unsigned NOT NULL DEFAULT '1',
  `hits` int(10) unsigned NOT NULL DEFAULT '0',
  PRIMARY KEY (`id`),
  KEY `idx_access` (`access`),
  KEY `idx_checkout` (`checked_out`),
  KEY `idx_state` (`published`),
  KEY `idx_catid` (`catid`),
  KEY `idx_createdby` (`created_by`),
  KEY `idx_featured_catid` (`featured`,`catid`),
  KEY `idx_language` (`language`),
  KEY `idx_xreference` (`xreference`)
) ENGINE=InnoDB DEFAULT CHARSET=utf8 AUTO_INCREMENT=1 ;

-- --------------------------------------------------------

--
-- Estructura de tabla para la tabla `ziax6_content`
--

CREATE TABLE `ziax6_content` (
  `id` int(10) unsigned NOT NULL AUTO_INCREMENT,
  `asset_id` int(10) unsigned NOT NULL DEFAULT '0' COMMENT 'FK to the #__assets table.',
  `title` varchar(255) NOT NULL DEFAULT '',
  `alias` varchar(255) CHARACTER SET utf8 COLLATE utf8_bin NOT NULL DEFAULT '',
  `introtext` mediumtext NOT NULL,
  `fulltext` mediumtext NOT NULL,
  `state` tinyint(3) NOT NULL DEFAULT '0',
  `catid` int(10) unsigned NOT NULL DEFAULT '0',
  `created` datetime NOT NULL DEFAULT '0000-00-00 00:00:00',
  `created_by` int(10) unsigned NOT NULL DEFAULT '0',
  `created_by_alias` varchar(255) NOT NULL DEFAULT '',
  `modified` datetime NOT NULL DEFAULT '0000-00-00 00:00:00',
  `modified_by` int(10) unsigned NOT NULL DEFAULT '0',
  `checked_out` int(10) unsigned NOT NULL DEFAULT '0',
  `checked_out_time` datetime NOT NULL DEFAULT '0000-00-00 00:00:00',
  `publish_up` datetime NOT NULL DEFAULT '0000-00-00 00:00:00',
  `publish_down` datetime NOT NULL DEFAULT '0000-00-00 00:00:00',
  `images` text NOT NULL,
  `urls` text NOT NULL,
  `attribs` varchar(5120) NOT NULL,
  `version` int(10) unsigned NOT NULL DEFAULT '1',
  `ordering` int(11) NOT NULL DEFAULT '0',
  `metakey` text NOT NULL,
  `metadesc` text NOT NULL,
  `access` int(10) unsigned NOT NULL DEFAULT '0',
  `hits` int(10) unsigned NOT NULL DEFAULT '0',
  `metadata` text NOT NULL,
  `featured` tinyint(3) unsigned NOT NULL DEFAULT '0' COMMENT 'Set if article is featured.',
  `language` char(7) NOT NULL COMMENT 'The language code for the article.',
  `xreference` varchar(50) NOT NULL COMMENT 'A reference to enable linkages to external data sets.',
  PRIMARY KEY (`id`),
  KEY `idx_access` (`access`),
  KEY `idx_checkout` (`checked_out`),
  KEY `idx_state` (`state`),
  KEY `idx_catid` (`catid`),
  KEY `idx_createdby` (`created_by`),
  KEY `idx_featured_catid` (`featured`,`catid`),
  KEY `idx_language` (`language`),
  KEY `idx_xreference` (`xreference`)
) ENGINE=InnoDB  DEFAULT CHARSET=utf8 AUTO_INCREMENT=5 ;

--
-- Volcado de datos para la tabla `ziax6_content`
--

INSERT INTO `ziax6_content` (`id`, `asset_id`, `title`, `alias`, `introtext`, `fulltext`, `state`, `catid`, `created`, `created_by`, `created_by_alias`, `modified`, `modified_by`, `checked_out`, `checked_out_time`, `publish_up`, `publish_down`, `images`, `urls`, `attribs`, `version`, `ordering`, `metakey`, `metadesc`, `access`, `hits`, `metadata`, `featured`, `language`, `xreference`) VALUES
(1, 56, 'Perfil de Jorge Eliécer', 'perfil-de-jorge-eliecer', 'Jorge Eliécer', '', 1, 8, '2013-12-18 17:21:27', 205, '', '2013-12-27 16:27:52', 205, 0, '0000-00-00 00:00:00', '2013-12-18 17:21:27', '0000-00-00 00:00:00', '{"image_intro":"","float_intro":"","image_intro_alt":"","image_intro_caption":"","image_fulltext":"","float_fulltext":"","image_fulltext_alt":"","image_fulltext_caption":""}', '{"urla":false,"urlatext":"","targeta":"","urlb":false,"urlbtext":"","targetb":"","urlc":false,"urlctext":"","targetc":""}', '{"show_title":"","link_titles":"","show_tags":"","show_intro":"","info_block_position":"","show_category":"","link_category":"","show_parent_category":"","link_parent_category":"","show_author":"","link_author":"","show_create_date":"","show_modify_date":"","show_publish_date":"","show_item_navigation":"","show_icons":"","show_print_icon":"","show_email_icon":"","show_vote":"","show_hits":"","show_noauth":"","urls_position":"","alternative_readmore":"","article_layout":"","show_publishing_options":"","show_article_options":"","show_urls_images_backend":"","show_urls_images_frontend":""}', 2, 1, '', '', 1, 69, '{"robots":"","author":"","rights":"","xreference":""}', 0, '*', ''),
(2, 57, 'Jorge propone para el 2014', 'jorge-propone-para-el-2014', 'Jorge propone', '', 1, 8, '2013-12-18 17:29:39', 205, '', '2013-12-27 16:27:40', 205, 0, '0000-00-00 00:00:00', '2013-12-18 17:29:39', '0000-00-00 00:00:00', '{"image_intro":"","float_intro":"","image_intro_alt":"","image_intro_caption":"","image_fulltext":"","float_fulltext":"","image_fulltext_alt":"","image_fulltext_caption":""}', '{"urla":false,"urlatext":"","targeta":"","urlb":false,"urlbtext":"","targetb":"","urlc":false,"urlctext":"","targetc":""}', '{"show_title":"","link_titles":"","show_tags":"","show_intro":"","info_block_position":"","show_category":"","link_category":"","show_parent_category":"","link_parent_category":"","show_author":"","link_author":"","show_create_date":"","show_modify_date":"","show_publish_date":"","show_item_navigation":"","show_icons":"","show_print_icon":"","show_email_icon":"","show_vote":"","show_hits":"","show_noauth":"","urls_position":"","alternative_readmore":"","article_layout":"","show_publishing_options":"","show_article_options":"","show_urls_images_backend":"","show_urls_images_frontend":""}', 2, 0, '', '', 1, 0, '{"robots":"","author":"","rights":"","xreference":""}', 0, '*', ''),
(3, 63, 'Así se arman', 'asi-se-arman', '<h1>Así se arman las listas en el Valle para las elecciones de Congreso</h1>\r\nAunque ya la mayoría de los partidos tienen definidas sus listas para el Congreso, hay otros que los cogió la campaña sin candidatos.<br /><br /><img src="images/Insumos/Noticias/noticias.png" alt="Noticias" style="float: left;" />&nbsp;El Partido de la U espera seguir siendo la colectividad mayoritaria en el departamento.<br />Las cartas con las que esperan conservar o aumentar los tres escaños que tienen en Cámara son: Juan Carlos Martínez Gutiérrez, quien estuvo en la campaña pasada con Roy Barreras; Rafael Palau, exalcalde de Tuluá; el exconcejal de Cali Jorge Eliécer Tamayo y por Palmira sería candidato Elberth Díaz.<br />Por el sector que dirige el congresista Roy Barreras, finalmente se decidió que sería él quien aspire nuevamente al Senado y no su esposa, como lo había anunciado meses atrás.<br /><br /><br /><br /><br />', '', 1, 9, '2013-12-30 14:02:42', 205, '', '0000-00-00 00:00:00', 0, 0, '0000-00-00 00:00:00', '2013-12-30 14:02:42', '0000-00-00 00:00:00', '{"image_intro":"","float_intro":"","image_intro_alt":"","image_intro_caption":"","image_fulltext":"","float_fulltext":"","image_fulltext_alt":"","image_fulltext_caption":""}', '{"urla":false,"urlatext":"","targeta":"","urlb":false,"urlbtext":"","targetb":"","urlc":false,"urlctext":"","targetc":""}', '{"show_title":"","link_titles":"","show_tags":"","show_intro":"","info_block_position":"","show_category":"","link_category":"","show_parent_category":"","link_parent_category":"","show_author":"","link_author":"","show_create_date":"","show_modify_date":"","show_publish_date":"","show_item_navigation":"","show_icons":"","show_print_icon":"","show_email_icon":"","show_vote":"","show_hits":"","show_noauth":"","urls_position":"","alternative_readmore":"","article_layout":"","show_publishing_options":"","show_article_options":"","show_urls_images_backend":"","show_urls_images_frontend":""}', 1, 1, '', '', 1, 0, '{"robots":"","author":"","rights":"","xreference":""}', 1, '*', ''),
(4, 64, 'La organización política nueva generación', 'la-organizacion-politica-nueva-generacion', '<h1>LA ORGANIZACIÓN POLÍTICA NUEVA GENERACIÓN, ORIENTADA POR DILIAN FRANCISCA TORO, PRESENTÓ LA AGENDA LEGISLATIVA PARA EL PERIODO 2014-1018.</h1>\r\n<img src="images/Insumos/Noticias/noticias.png" alt="noticias" style="float: left;" />Son siete candidatos vallecaucanos, seis de ellos aspirantes a la Cámara, al lado de ROOSVELT RODRÍGUEZ al Senado, quienes trabajarán por la agenda legislativa dedicada a la paz, la justicia, el empleo, la salud, el crecimiento económico y la educación, entre otros temas que aportarán significativamente al progreso de nuestro país.<br /><br />los Candidatos a la Cámara son ELBERT DÍAZ, JORGE E. TAMAYO, ARMANDO ROA, JUAN CARLOS MARTINEZ, Parlamentario actual,RAFAEL PALAU, Y ESPERANZA DELGADO.<br />', '', 1, 9, '2013-12-30 14:10:15', 205, '', '0000-00-00 00:00:00', 0, 0, '0000-00-00 00:00:00', '2013-12-30 14:10:15', '0000-00-00 00:00:00', '{"image_intro":"","float_intro":"","image_intro_alt":"","image_intro_caption":"","image_fulltext":"","float_fulltext":"","image_fulltext_alt":"","image_fulltext_caption":""}', '{"urla":false,"urlatext":"","targeta":"","urlb":false,"urlbtext":"","targetb":"","urlc":false,"urlctext":"","targetc":""}', '{"show_title":"","link_titles":"","show_tags":"","show_intro":"","info_block_position":"","show_category":"","link_category":"","show_parent_category":"","link_parent_category":"","show_author":"","link_author":"","show_create_date":"","show_modify_date":"","show_publish_date":"","show_item_navigation":"","show_icons":"","show_print_icon":"","show_email_icon":"","show_vote":"","show_hits":"","show_noauth":"","urls_position":"","alternative_readmore":"...leer m\\u00e1s","article_layout":"","show_publishing_options":"","show_article_options":"","show_urls_images_backend":"","show_urls_images_frontend":""}', 1, 0, '', '', 1, 0, '{"robots":"","author":"","rights":"","xreference":""}', 1, '*', '');

-- --------------------------------------------------------

--
-- Estructura de tabla para la tabla `ziax6_contentitem_tag_map`
--

CREATE TABLE `ziax6_contentitem_tag_map` (
  `type_alias` varchar(255) NOT NULL DEFAULT '',
  `core_content_id` int(10) unsigned NOT NULL COMMENT 'PK from the core content table',
  `content_item_id` int(11) NOT NULL COMMENT 'PK from the content type table',
  `tag_id` int(10) unsigned NOT NULL COMMENT 'PK from the tag table',
  `tag_date` timestamp NOT NULL DEFAULT CURRENT_TIMESTAMP ON UPDATE CURRENT_TIMESTAMP COMMENT 'Date of most recent save for this tag-item',
  `type_id` mediumint(8) NOT NULL COMMENT 'PK from the content_type table',
  UNIQUE KEY `uc_ItemnameTagid` (`type_id`,`content_item_id`,`tag_id`),
  KEY `idx_tag_type` (`tag_id`,`type_id`),
  KEY `idx_date_id` (`tag_date`,`tag_id`),
  KEY `idx_tag` (`tag_id`),
  KEY `idx_type` (`type_id`),
  KEY `idx_core_content_id` (`core_content_id`)
) ENGINE=InnoDB DEFAULT CHARSET=utf8 COMMENT='Maps items from content tables to tags';

-- --------------------------------------------------------

--
-- Estructura de tabla para la tabla `ziax6_content_frontpage`
--

CREATE TABLE `ziax6_content_frontpage` (
  `content_id` int(11) NOT NULL DEFAULT '0',
  `ordering` int(11) NOT NULL DEFAULT '0',
  PRIMARY KEY (`content_id`)
) ENGINE=InnoDB DEFAULT CHARSET=utf8;

--
-- Volcado de datos para la tabla `ziax6_content_frontpage`
--

INSERT INTO `ziax6_content_frontpage` (`content_id`, `ordering`) VALUES
(3, 2),
(4, 1);

-- --------------------------------------------------------

--
-- Estructura de tabla para la tabla `ziax6_content_rating`
--

CREATE TABLE `ziax6_content_rating` (
  `content_id` int(11) NOT NULL DEFAULT '0',
  `rating_sum` int(10) unsigned NOT NULL DEFAULT '0',
  `rating_count` int(10) unsigned NOT NULL DEFAULT '0',
  `lastip` varchar(50) NOT NULL DEFAULT '',
  PRIMARY KEY (`content_id`)
) ENGINE=InnoDB DEFAULT CHARSET=utf8;

-- --------------------------------------------------------

--
-- Estructura de tabla para la tabla `ziax6_content_types`
--

CREATE TABLE `ziax6_content_types` (
  `type_id` int(10) unsigned NOT NULL AUTO_INCREMENT,
  `type_title` varchar(255) NOT NULL DEFAULT '',
  `type_alias` varchar(255) NOT NULL DEFAULT '',
  `table` varchar(255) NOT NULL DEFAULT '',
  `rules` text NOT NULL,
  `field_mappings` text NOT NULL,
  `router` varchar(255) NOT NULL DEFAULT '',
  `content_history_options` varchar(5120) DEFAULT NULL COMMENT 'JSON string for com_contenthistory options',
  PRIMARY KEY (`type_id`),
  KEY `idx_alias` (`type_alias`)
) ENGINE=InnoDB  DEFAULT CHARSET=utf8 AUTO_INCREMENT=16 ;

--
-- Volcado de datos para la tabla `ziax6_content_types`
--

INSERT INTO `ziax6_content_types` (`type_id`, `type_title`, `type_alias`, `table`, `rules`, `field_mappings`, `router`, `content_history_options`) VALUES
(1, 'Article', 'com_content.article', '{"special":{"dbtable":"#__content","key":"id","type":"Content","prefix":"JTable","config":"array()"},"common":{"dbtable":"#__ucm_content","key":"ucm_id","type":"Corecontent","prefix":"JTable","config":"array()"}}', '', '{"common":{"core_content_item_id":"id","core_title":"title","core_state":"state","core_alias":"alias","core_created_time":"created","core_modified_time":"modified","core_body":"introtext", "core_hits":"hits","core_publish_up":"publish_up","core_publish_down":"publish_down","core_access":"access", "core_params":"attribs", "core_featured":"featured", "core_metadata":"metadata", "core_language":"language", "core_images":"images", "core_urls":"urls", "core_version":"version", "core_ordering":"ordering", "core_metakey":"metakey", "core_metadesc":"metadesc", "core_catid":"catid", "core_xreference":"xreference", "asset_id":"asset_id"}, "special":{"fulltext":"fulltext"}}', 'ContentHelperRoute::getArticleRoute', '{"formFile":"administrator\\/components\\/com_content\\/models\\/forms\\/article.xml", "hideFields":["asset_id","checked_out","checked_out_time","version"],"ignoreChanges":["modified_by", "modified", "checked_out", "checked_out_time", "version", "hits"],"convertToInt":["publish_up", "publish_down", "featured", "ordering"],"displayLookup":[{"sourceColumn":"catid","targetTable":"#__categories","targetColumn":"id","displayColumn":"title"},{"sourceColumn":"created_by","targetTable":"#__users","targetColumn":"id","displayColumn":"name"},{"sourceColumn":"access","targetTable":"#__viewlevels","targetColumn":"id","displayColumn":"title"},{"sourceColumn":"modified_by","targetTable":"#__users","targetColumn":"id","displayColumn":"name"} ]}'),
(2, 'Weblink', 'com_weblinks.weblink', '{"special":{"dbtable":"#__weblinks","key":"id","type":"Weblink","prefix":"WeblinksTable","config":"array()"},"common":{"dbtable":"#__ucm_content","key":"ucm_id","type":"Corecontent","prefix":"JTable","config":"array()"}}', '', '{"common":{"core_content_item_id":"id","core_title":"title","core_state":"state","core_alias":"alias","core_created_time":"created","core_modified_time":"modified","core_body":"description", "core_hits":"hits","core_publish_up":"publish_up","core_publish_down":"publish_down","core_access":"access", "core_params":"params", "core_featured":"featured", "core_metadata":"metadata", "core_language":"language", "core_images":"images", "core_urls":"urls", "core_version":"version", "core_ordering":"ordering", "core_metakey":"metakey", "core_metadesc":"metadesc", "core_catid":"catid", "core_xreference":"xreference", "asset_id":"null"}, "special":{}}', 'WeblinksHelperRoute::getWeblinkRoute', '{"formFile":"administrator\\/components\\/com_weblinks\\/models\\/forms\\/weblink.xml", "hideFields":["asset_id","checked_out","checked_out_time","version","featured","images"], "ignoreChanges":["modified_by", "modified", "checked_out", "checked_out_time", "version", "hits"], "convertToInt":["publish_up", "publish_down", "featured", "ordering"], "displayLookup":[{"sourceColumn":"catid","targetTable":"#__categories","targetColumn":"id","displayColumn":"title"},{"sourceColumn":"created_by","targetTable":"#__users","targetColumn":"id","displayColumn":"name"},{"sourceColumn":"access","targetTable":"#__viewlevels","targetColumn":"id","displayColumn":"title"},{"sourceColumn":"modified_by","targetTable":"#__users","targetColumn":"id","displayColumn":"name"} ]}'),
(3, 'Contact', 'com_contact.contact', '{"special":{"dbtable":"#__contact_details","key":"id","type":"Contact","prefix":"ContactTable","config":"array()"},"common":{"dbtable":"#__ucm_content","key":"ucm_id","type":"Corecontent","prefix":"JTable","config":"array()"}}', '', '{"common":{"core_content_item_id":"id","core_title":"name","core_state":"published","core_alias":"alias","core_created_time":"created","core_modified_time":"modified","core_body":"address", "core_hits":"hits","core_publish_up":"publish_up","core_publish_down":"publish_down","core_access":"access", "core_params":"params", "core_featured":"featured", "core_metadata":"metadata", "core_language":"language", "core_images":"image", "core_urls":"webpage", "core_version":"version", "core_ordering":"ordering", "core_metakey":"metakey", "core_metadesc":"metadesc", "core_catid":"catid", "core_xreference":"xreference", "asset_id":"null"}, "special":{"con_position":"con_position","suburb":"suburb","state":"state","country":"country","postcode":"postcode","telephone":"telephone","fax":"fax","misc":"misc","email_to":"email_to","default_con":"default_con","user_id":"user_id","mobile":"mobile","sortname1":"sortname1","sortname2":"sortname2","sortname3":"sortname3"}}', 'ContactHelperRoute::getContactRoute', '{"formFile":"administrator\\/components\\/com_contact\\/models\\/forms\\/contact.xml","hideFields":["default_con","checked_out","checked_out_time","version","xreference"],"ignoreChanges":["modified_by", "modified", "checked_out", "checked_out_time", "version", "hits"],"convertToInt":["publish_up", "publish_down", "featured", "ordering"], "displayLookup":[ {"sourceColumn":"created_by","targetTable":"#__users","targetColumn":"id","displayColumn":"name"},{"sourceColumn":"catid","targetTable":"#__categories","targetColumn":"id","displayColumn":"title"},{"sourceColumn":"modified_by","targetTable":"#__users","targetColumn":"id","displayColumn":"name"},{"sourceColumn":"access","targetTable":"#__viewlevels","targetColumn":"id","displayColumn":"title"},{"sourceColumn":"user_id","targetTable":"#__users","targetColumn":"id","displayColumn":"name"} ] }'),
(4, 'Newsfeed', 'com_newsfeeds.newsfeed', '{"special":{"dbtable":"#__newsfeeds","key":"id","type":"Newsfeed","prefix":"NewsfeedsTable","config":"array()"},"common":{"dbtable":"#__ucm_content","key":"ucm_id","type":"Corecontent","prefix":"JTable","config":"array()"}}', '', '{"common":{"core_content_item_id":"id","core_title":"name","core_state":"published","core_alias":"alias","core_created_time":"created","core_modified_time":"modified","core_body":"description", "core_hits":"hits","core_publish_up":"publish_up","core_publish_down":"publish_down","core_access":"access", "core_params":"params", "core_featured":"featured", "core_metadata":"metadata", "core_language":"language", "core_images":"images", "core_urls":"link", "core_version":"version", "core_ordering":"ordering", "core_metakey":"metakey", "core_metadesc":"metadesc", "core_catid":"catid", "core_xreference":"xreference", "asset_id":"null"}, "special":{"numarticles":"numarticles","cache_time":"cache_time","rtl":"rtl"}}', 'NewsfeedsHelperRoute::getNewsfeedRoute', '{"formFile":"administrator\\/components\\/com_newsfeeds\\/models\\/forms\\/newsfeed.xml","hideFields":["asset_id","checked_out","checked_out_time","version"],"ignoreChanges":["modified_by", "modified", "checked_out", "checked_out_time", "version", "hits"],"convertToInt":["publish_up", "publish_down", "featured", "ordering"],"displayLookup":[{"sourceColumn":"catid","targetTable":"#__categories","targetColumn":"id","displayColumn":"title"},{"sourceColumn":"created_by","targetTable":"#__users","targetColumn":"id","displayColumn":"name"},{"sourceColumn":"access","targetTable":"#__viewlevels","targetColumn":"id","displayColumn":"title"},{"sourceColumn":"modified_by","targetTable":"#__users","targetColumn":"id","displayColumn":"name"} ]}'),
(5, 'User', 'com_users.user', '{"special":{"dbtable":"#__users","key":"id","type":"User","prefix":"JTable","config":"array()"},"common":{"dbtable":"#__ucm_content","key":"ucm_id","type":"Corecontent","prefix":"JTable","config":"array()"}}', '', '{"common":{"core_content_item_id":"id","core_title":"name","core_state":"null","core_alias":"username","core_created_time":"registerdate","core_modified_time":"lastvisitDate","core_body":"null", "core_hits":"null","core_publish_up":"null","core_publish_down":"null","access":"null", "core_params":"params", "core_featured":"null", "core_metadata":"null", "core_language":"null", "core_images":"null", "core_urls":"null", "core_version":"null", "core_ordering":"null", "core_metakey":"null", "core_metadesc":"null", "core_catid":"null", "core_xreference":"null", "asset_id":"null"}, "special":{}}', 'UsersHelperRoute::getUserRoute', ''),
(6, 'Article Category', 'com_content.category', '{"special":{"dbtable":"#__categories","key":"id","type":"Category","prefix":"JTable","config":"array()"},"common":{"dbtable":"#__ucm_content","key":"ucm_id","type":"Corecontent","prefix":"JTable","config":"array()"}}', '', '{"common":{"core_content_item_id":"id","core_title":"title","core_state":"published","core_alias":"alias","core_created_time":"created_time","core_modified_time":"modified_time","core_body":"description", "core_hits":"hits","core_publish_up":"null","core_publish_down":"null","core_access":"access", "core_params":"params", "core_featured":"null", "core_metadata":"metadata", "core_language":"language", "core_images":"null", "core_urls":"null", "core_version":"version", "core_ordering":"null", "core_metakey":"metakey", "core_metadesc":"metadesc", "core_catid":"parent_id", "core_xreference":"null", "asset_id":"asset_id"}, "special":{"parent_id":"parent_id","lft":"lft","rgt":"rgt","level":"level","path":"path","extension":"extension","note":"note"}}', 'ContentHelperRoute::getCategoryRoute', '{"formFile":"administrator\\/components\\/com_categories\\/models\\/forms\\/category.xml", "hideFields":["asset_id","checked_out","checked_out_time","version","lft","rgt","level","path","extension"], "ignoreChanges":["modified_user_id", "modified_time", "checked_out", "checked_out_time", "version", "hits", "path"],"convertToInt":["publish_up", "publish_down"], "displayLookup":[{"sourceColumn":"created_user_id","targetTable":"#__users","targetColumn":"id","displayColumn":"name"},{"sourceColumn":"access","targetTable":"#__viewlevels","targetColumn":"id","displayColumn":"title"},{"sourceColumn":"modified_user_id","targetTable":"#__users","targetColumn":"id","displayColumn":"name"},{"sourceColumn":"parent_id","targetTable":"#__categories","targetColumn":"id","displayColumn":"title"}]}'),
(7, 'Contact Category', 'com_contact.category', '{"special":{"dbtable":"#__categories","key":"id","type":"Category","prefix":"JTable","config":"array()"},"common":{"dbtable":"#__ucm_content","key":"ucm_id","type":"Corecontent","prefix":"JTable","config":"array()"}}', '', '{"common":{"core_content_item_id":"id","core_title":"title","core_state":"published","core_alias":"alias","core_created_time":"created_time","core_modified_time":"modified_time","core_body":"description", "core_hits":"hits","core_publish_up":"null","core_publish_down":"null","core_access":"access", "core_params":"params", "core_featured":"null", "core_metadata":"metadata", "core_language":"language", "core_images":"null", "core_urls":"null", "core_version":"version", "core_ordering":"null", "core_metakey":"metakey", "core_metadesc":"metadesc", "core_catid":"parent_id", "core_xreference":"null", "asset_id":"asset_id"}, "special":{"parent_id":"parent_id","lft":"lft","rgt":"rgt","level":"level","path":"path","extension":"extension","note":"note"}}', 'ContactHelperRoute::getCategoryRoute', '{"formFile":"administrator\\/components\\/com_categories\\/models\\/forms\\/category.xml", "hideFields":["asset_id","checked_out","checked_out_time","version","lft","rgt","level","path","extension"], "ignoreChanges":["modified_user_id", "modified_time", "checked_out", "checked_out_time", "version", "hits", "path"],"convertToInt":["publish_up", "publish_down"], "displayLookup":[{"sourceColumn":"created_user_id","targetTable":"#__users","targetColumn":"id","displayColumn":"name"},{"sourceColumn":"access","targetTable":"#__viewlevels","targetColumn":"id","displayColumn":"title"},{"sourceColumn":"modified_user_id","targetTable":"#__users","targetColumn":"id","displayColumn":"name"},{"sourceColumn":"parent_id","targetTable":"#__categories","targetColumn":"id","displayColumn":"title"}]}'),
(8, 'Newsfeeds Category', 'com_newsfeeds.category', '{"special":{"dbtable":"#__categories","key":"id","type":"Category","prefix":"JTable","config":"array()"},"common":{"dbtable":"#__ucm_content","key":"ucm_id","type":"Corecontent","prefix":"JTable","config":"array()"}}', '', '{"common":{"core_content_item_id":"id","core_title":"title","core_state":"published","core_alias":"alias","core_created_time":"created_time","core_modified_time":"modified_time","core_body":"description", "core_hits":"hits","core_publish_up":"null","core_publish_down":"null","core_access":"access", "core_params":"params", "core_featured":"null", "core_metadata":"metadata", "core_language":"language", "core_images":"null", "core_urls":"null", "core_version":"version", "core_ordering":"null", "core_metakey":"metakey", "core_metadesc":"metadesc", "core_catid":"parent_id", "core_xreference":"null", "asset_id":"asset_id"}, "special":{"parent_id":"parent_id","lft":"lft","rgt":"rgt","level":"level","path":"path","extension":"extension","note":"note"}}', 'NewsfeedsHelperRoute::getCategoryRoute', '{"formFile":"administrator\\/components\\/com_categories\\/models\\/forms\\/category.xml", "hideFields":["asset_id","checked_out","checked_out_time","version","lft","rgt","level","path","extension"], "ignoreChanges":["modified_user_id", "modified_time", "checked_out", "checked_out_time", "version", "hits", "path"],"convertToInt":["publish_up", "publish_down"], "displayLookup":[{"sourceColumn":"created_user_id","targetTable":"#__users","targetColumn":"id","displayColumn":"name"},{"sourceColumn":"access","targetTable":"#__viewlevels","targetColumn":"id","displayColumn":"title"},{"sourceColumn":"modified_user_id","targetTable":"#__users","targetColumn":"id","displayColumn":"name"},{"sourceColumn":"parent_id","targetTable":"#__categories","targetColumn":"id","displayColumn":"title"}]}'),
(9, 'Weblinks Category', 'com_weblinks.category', '{"special":{"dbtable":"#__categories","key":"id","type":"Category","prefix":"JTable","config":"array()"},"common":{"dbtable":"#__ucm_content","key":"ucm_id","type":"Corecontent","prefix":"JTable","config":"array()"}}', '', '{"common":{"core_content_item_id":"id","core_title":"title","core_state":"published","core_alias":"alias","core_created_time":"created_time","core_modified_time":"modified_time","core_body":"description", "core_hits":"hits","core_publish_up":"null","core_publish_down":"null","core_access":"access", "core_params":"params", "core_featured":"null", "core_metadata":"metadata", "core_language":"language", "core_images":"null", "core_urls":"null", "core_version":"version", "core_ordering":"null", "core_metakey":"metakey", "core_metadesc":"metadesc", "core_catid":"parent_id", "core_xreference":"null", "asset_id":"asset_id"}, "special":{"parent_id":"parent_id","lft":"lft","rgt":"rgt","level":"level","path":"path","extension":"extension","note":"note"}}', 'WeblinksHelperRoute::getCategoryRoute', '{"formFile":"administrator\\/components\\/com_categories\\/models\\/forms\\/category.xml", "hideFields":["asset_id","checked_out","checked_out_time","version","lft","rgt","level","path","extension"], "ignoreChanges":["modified_user_id", "modified_time", "checked_out", "checked_out_time", "version", "hits", "path"],"convertToInt":["publish_up", "publish_down"], "displayLookup":[{"sourceColumn":"created_user_id","targetTable":"#__users","targetColumn":"id","displayColumn":"name"},{"sourceColumn":"access","targetTable":"#__viewlevels","targetColumn":"id","displayColumn":"title"},{"sourceColumn":"modified_user_id","targetTable":"#__users","targetColumn":"id","displayColumn":"name"},{"sourceColumn":"parent_id","targetTable":"#__categories","targetColumn":"id","displayColumn":"title"}]}'),
(10, 'Tag', 'com_tags.tag', '{"special":{"dbtable":"#__tags","key":"tag_id","type":"Tag","prefix":"TagsTable","config":"array()"},"common":{"dbtable":"#__ucm_content","key":"ucm_id","type":"Corecontent","prefix":"JTable","config":"array()"}}', '', '{"common":{"core_content_item_id":"id","core_title":"title","core_state":"published","core_alias":"alias","core_created_time":"created_time","core_modified_time":"modified_time","core_body":"description", "core_hits":"hits","core_publish_up":"null","core_publish_down":"null","core_access":"access", "core_params":"params", "core_featured":"featured", "core_metadata":"metadata", "core_language":"language", "core_images":"images", "core_urls":"urls", "core_version":"version", "core_ordering":"null", "core_metakey":"metakey", "core_metadesc":"metadesc", "core_catid":"null", "core_xreference":"null", "asset_id":"null"}, "special":{"parent_id":"parent_id","lft":"lft","rgt":"rgt","level":"level","path":"path"}}', 'TagsHelperRoute::getTagRoute', '{"formFile":"administrator\\/components\\/com_tags\\/models\\/forms\\/tag.xml", "hideFields":["checked_out","checked_out_time","version", "lft", "rgt", "level", "path", "urls", "publish_up", "publish_down"],"ignoreChanges":["modified_user_id", "modified_time", "checked_out", "checked_out_time", "version", "hits", "path"],"convertToInt":["publish_up", "publish_down"], "displayLookup":[{"sourceColumn":"created_user_id","targetTable":"#__users","targetColumn":"id","displayColumn":"name"}, {"sourceColumn":"access","targetTable":"#__viewlevels","targetColumn":"id","displayColumn":"title"}, {"sourceColumn":"modified_user_id","targetTable":"#__users","targetColumn":"id","displayColumn":"name"}]}'),
(11, 'Banner', 'com_banners.banner', '{"special":{"dbtable":"#__banners","key":"id","type":"Banner","prefix":"BannersTable","config":"array()"},"common":{"dbtable":"#__ucm_content","key":"ucm_id","type":"Corecontent","prefix":"JTable","config":"array()"}}', '', '{"common":{"core_content_item_id":"id","core_title":"name","core_state":"published","core_alias":"alias","core_created_time":"created","core_modified_time":"modified","core_body":"description", "core_hits":"null","core_publish_up":"publish_up","core_publish_down":"publish_down","core_access":"access", "core_params":"params", "core_featured":"null", "core_metadata":"metadata", "core_language":"language", "core_images":"images", "core_urls":"link", "core_version":"version", "core_ordering":"ordering", "core_metakey":"metakey", "core_metadesc":"metadesc", "core_catid":"catid", "core_xreference":"null", "asset_id":"null"}, "special":{"imptotal":"imptotal", "impmade":"impmade", "clicks":"clicks", "clickurl":"clickurl", "custombannercode":"custombannercode", "cid":"cid", "purchase_type":"purchase_type", "track_impressions":"track_impressions", "track_clicks":"track_clicks"}}', '', '{"formFile":"administrator\\/components\\/com_banners\\/models\\/forms\\/banner.xml", "hideFields":["checked_out","checked_out_time","version", "reset"],"ignoreChanges":["modified_by", "modified", "checked_out", "checked_out_time", "version", "imptotal", "impmade", "reset"], "convertToInt":["publish_up", "publish_down", "ordering"], "displayLookup":[{"sourceColumn":"catid","targetTable":"#__categories","targetColumn":"id","displayColumn":"title"}, {"sourceColumn":"cid","targetTable":"#__banner_clients","targetColumn":"id","displayColumn":"name"}, {"sourceColumn":"created_by","targetTable":"#__users","targetColumn":"id","displayColumn":"name"},{"sourceColumn":"modified_by","targetTable":"#__users","targetColumn":"id","displayColumn":"name"} ]}'),
(12, 'Banners Category', 'com_banners.category', '{"special":{"dbtable":"#__categories","key":"id","type":"Category","prefix":"JTable","config":"array()"},"common":{"dbtable":"#__ucm_content","key":"ucm_id","type":"Corecontent","prefix":"JTable","config":"array()"}}', '', '{"common":{"core_content_item_id":"id","core_title":"title","core_state":"published","core_alias":"alias","core_created_time":"created_time","core_modified_time":"modified_time","core_body":"description", "core_hits":"hits","core_publish_up":"null","core_publish_down":"null","core_access":"access", "core_params":"params", "core_featured":"null", "core_metadata":"metadata", "core_language":"language", "core_images":"null", "core_urls":"null", "core_version":"version", "core_ordering":"null", "core_metakey":"metakey", "core_metadesc":"metadesc", "core_catid":"parent_id", "core_xreference":"null", "asset_id":"asset_id"}, "special": {"parent_id":"parent_id","lft":"lft","rgt":"rgt","level":"level","path":"path","extension":"extension","note":"note"}}', '', '{"formFile":"administrator\\/components\\/com_categories\\/models\\/forms\\/category.xml", "hideFields":["asset_id","checked_out","checked_out_time","version","lft","rgt","level","path","extension"], "ignoreChanges":["modified_user_id", "modified_time", "checked_out", "checked_out_time", "version", "hits", "path"], "convertToInt":["publish_up", "publish_down"], "displayLookup":[{"sourceColumn":"created_user_id","targetTable":"#__users","targetColumn":"id","displayColumn":"name"},{"sourceColumn":"access","targetTable":"#__viewlevels","targetColumn":"id","displayColumn":"title"},{"sourceColumn":"modified_user_id","targetTable":"#__users","targetColumn":"id","displayColumn":"name"},{"sourceColumn":"parent_id","targetTable":"#__categories","targetColumn":"id","displayColumn":"title"}]}'),
(13, 'Banner Client', 'com_banners.client', '{"special":{"dbtable":"#__banner_clients","key":"id","type":"Client","prefix":"BannersTable"}}', '', '', '', '{"formFile":"administrator\\/components\\/com_banners\\/models\\/forms\\/client.xml", "hideFields":["checked_out","checked_out_time"], "ignoreChanges":["checked_out", "checked_out_time"], "convertToInt":[], "displayLookup":[]}'),
(14, 'User Notes', 'com_users.note', '{"special":{"dbtable":"#__user_notes","key":"id","type":"Note","prefix":"UsersTable"}}', '', '', '', '{"formFile":"administrator\\/components\\/com_users\\/models\\/forms\\/note.xml", "hideFields":["checked_out","checked_out_time", "publish_up", "publish_down"],"ignoreChanges":["modified_user_id", "modified_time", "checked_out", "checked_out_time"], "convertToInt":["publish_up", "publish_down"],"displayLookup":[{"sourceColumn":"catid","targetTable":"#__categories","targetColumn":"id","displayColumn":"title"}, {"sourceColumn":"created_user_id","targetTable":"#__users","targetColumn":"id","displayColumn":"name"}, {"sourceColumn":"user_id","targetTable":"#__users","targetColumn":"id","displayColumn":"name"}, {"sourceColumn":"modified_user_id","targetTable":"#__users","targetColumn":"id","displayColumn":"name"}]}'),
(15, 'User Notes Category', 'com_users.category', '{"special":{"dbtable":"#__categories","key":"id","type":"Category","prefix":"JTable","config":"array()"},"common":{"dbtable":"#__ucm_content","key":"ucm_id","type":"Corecontent","prefix":"JTable","config":"array()"}}', '', '{"common":{"core_content_item_id":"id","core_title":"title","core_state":"published","core_alias":"alias","core_created_time":"created_time","core_modified_time":"modified_time","core_body":"description", "core_hits":"hits","core_publish_up":"null","core_publish_down":"null","core_access":"access", "core_params":"params", "core_featured":"null", "core_metadata":"metadata", "core_language":"language", "core_images":"null", "core_urls":"null", "core_version":"version", "core_ordering":"null", "core_metakey":"metakey", "core_metadesc":"metadesc", "core_catid":"parent_id", "core_xreference":"null", "asset_id":"asset_id"}, "special":{"parent_id":"parent_id","lft":"lft","rgt":"rgt","level":"level","path":"path","extension":"extension","note":"note"}}', '', '{"formFile":"administrator\\/components\\/com_categories\\/models\\/forms\\/category.xml", "hideFields":["checked_out","checked_out_time","version","lft","rgt","level","path","extension"], "ignoreChanges":["modified_user_id", "modified_time", "checked_out", "checked_out_time", "version", "hits", "path"], "convertToInt":["publish_up", "publish_down"], "displayLookup":[{"sourceColumn":"created_user_id","targetTable":"#__users","targetColumn":"id","displayColumn":"name"}, {"sourceColumn":"access","targetTable":"#__viewlevels","targetColumn":"id","displayColumn":"title"},{"sourceColumn":"modified_user_id","targetTable":"#__users","targetColumn":"id","displayColumn":"name"},{"sourceColumn":"parent_id","targetTable":"#__categories","targetColumn":"id","displayColumn":"title"}]}');

-- --------------------------------------------------------

--
-- Estructura de tabla para la tabla `ziax6_core_log_searches`
--

CREATE TABLE `ziax6_core_log_searches` (
  `search_term` varchar(128) NOT NULL DEFAULT '',
  `hits` int(10) unsigned NOT NULL DEFAULT '0'
) ENGINE=InnoDB DEFAULT CHARSET=utf8;

-- --------------------------------------------------------

--
-- Estructura de tabla para la tabla `ziax6_extensions`
--

CREATE TABLE `ziax6_extensions` (
  `extension_id` int(11) NOT NULL AUTO_INCREMENT,
  `name` varchar(100) NOT NULL,
  `type` varchar(20) NOT NULL,
  `element` varchar(100) NOT NULL,
  `folder` varchar(100) NOT NULL,
  `client_id` tinyint(3) NOT NULL,
  `enabled` tinyint(3) NOT NULL DEFAULT '1',
  `access` int(10) unsigned NOT NULL DEFAULT '1',
  `protected` tinyint(3) NOT NULL DEFAULT '0',
  `manifest_cache` text NOT NULL,
  `params` text NOT NULL,
  `custom_data` text NOT NULL,
  `system_data` text NOT NULL,
  `checked_out` int(10) unsigned NOT NULL DEFAULT '0',
  `checked_out_time` datetime NOT NULL DEFAULT '0000-00-00 00:00:00',
  `ordering` int(11) DEFAULT '0',
  `state` int(11) DEFAULT '0',
  PRIMARY KEY (`extension_id`),
  KEY `element_clientid` (`element`,`client_id`),
  KEY `element_folder_clientid` (`element`,`folder`,`client_id`),
  KEY `extension` (`type`,`element`,`folder`,`client_id`)
) ENGINE=InnoDB  DEFAULT CHARSET=utf8 AUTO_INCREMENT=10009 ;

--
-- Volcado de datos para la tabla `ziax6_extensions`
--

INSERT INTO `ziax6_extensions` (`extension_id`, `name`, `type`, `element`, `folder`, `client_id`, `enabled`, `access`, `protected`, `manifest_cache`, `params`, `custom_data`, `system_data`, `checked_out`, `checked_out_time`, `ordering`, `state`) VALUES
(1, 'com_mailto', 'component', 'com_mailto', '', 0, 1, 1, 1, '{"name":"com_mailto","type":"component","creationDate":"April 2006","author":"Joomla! Project","copyright":"(C) 2005 - 2013 Open Source Matters. All rights reserved.\\t","authorEmail":"admin@joomla.org","authorUrl":"www.joomla.org","version":"3.0.0","description":"COM_MAILTO_XML_DESCRIPTION","group":""}', '', '', '', 0, '0000-00-00 00:00:00', 0, 0),
(2, 'com_wrapper', 'component', 'com_wrapper', '', 0, 1, 1, 1, '{"name":"com_wrapper","type":"component","creationDate":"April 2006","author":"Joomla! Project","copyright":"(C) 2005 - 2013 Open Source Matters. All rights reserved.\\n\\t","authorEmail":"admin@joomla.org","authorUrl":"www.joomla.org","version":"3.0.0","description":"COM_WRAPPER_XML_DESCRIPTION","group":""}', '', '', '', 0, '0000-00-00 00:00:00', 0, 0),
(3, 'com_admin', 'component', 'com_admin', '', 1, 1, 1, 1, '{"name":"com_admin","type":"component","creationDate":"April 2006","author":"Joomla! Project","copyright":"(C) 2005 - 2013 Open Source Matters. All rights reserved.\\n\\t","authorEmail":"admin@joomla.org","authorUrl":"www.joomla.org","version":"3.0.0","description":"COM_ADMIN_XML_DESCRIPTION","group":""}', '', '', '', 0, '0000-00-00 00:00:00', 0, 0),
(4, 'com_banners', 'component', 'com_banners', '', 1, 1, 1, 0, '{"name":"com_banners","type":"component","creationDate":"April 2006","author":"Joomla! Project","copyright":"(C) 2005 - 2013 Open Source Matters. All rights reserved.\\n\\t","authorEmail":"admin@joomla.org","authorUrl":"www.joomla.org","version":"3.0.0","description":"COM_BANNERS_XML_DESCRIPTION","group":""}', '{"purchase_type":"3","track_impressions":"0","track_clicks":"0","metakey_prefix":"","save_history":"1","history_limit":10}', '', '', 0, '0000-00-00 00:00:00', 0, 0),
(5, 'com_cache', 'component', 'com_cache', '', 1, 1, 1, 1, '{"name":"com_cache","type":"component","creationDate":"April 2006","author":"Joomla! Project","copyright":"(C) 2005 - 2013 Open Source Matters. All rights reserved.\\t","authorEmail":"admin@joomla.org","authorUrl":"www.joomla.org","version":"3.0.0","description":"COM_CACHE_XML_DESCRIPTION","group":""}', '', '', '', 0, '0000-00-00 00:00:00', 0, 0),
(6, 'com_categories', 'component', 'com_categories', '', 1, 1, 1, 1, '{"name":"com_categories","type":"component","creationDate":"December 2007","author":"Joomla! Project","copyright":"(C) 2005 - 2013 Open Source Matters. All rights reserved.","authorEmail":"admin@joomla.org","authorUrl":"www.joomla.org","version":"3.0.0","description":"COM_CATEGORIES_XML_DESCRIPTION","group":""}', '', '', '', 0, '0000-00-00 00:00:00', 0, 0),
(7, 'com_checkin', 'component', 'com_checkin', '', 1, 1, 1, 1, '{"name":"com_checkin","type":"component","creationDate":"Unknown","author":"Joomla! Project","copyright":"(C) 2005 - 2008 Open Source Matters. All rights reserved.\\n\\t","authorEmail":"admin@joomla.org","authorUrl":"www.joomla.org","version":"3.0.0","description":"COM_CHECKIN_XML_DESCRIPTION","group":""}', '', '', '', 0, '0000-00-00 00:00:00', 0, 0),
(8, 'com_contact', 'component', 'com_contact', '', 1, 1, 1, 0, '{"name":"com_contact","type":"component","creationDate":"April 2006","author":"Joomla! Project","copyright":"(C) 2005 - 2013 Open Source Matters. All rights reserved.\\n\\t","authorEmail":"admin@joomla.org","authorUrl":"www.joomla.org","version":"3.0.0","description":"COM_CONTACT_XML_DESCRIPTION","group":""}', '{"show_contact_category":"hide","save_history":"1","history_limit":10,"show_contact_list":"0","presentation_style":"sliders","show_name":"1","show_position":"1","show_email":"0","show_street_address":"1","show_suburb":"1","show_state":"1","show_postcode":"1","show_country":"1","show_telephone":"1","show_mobile":"1","show_fax":"1","show_webpage":"1","show_misc":"1","show_image":"1","image":"","allow_vcard":"0","show_articles":"0","show_profile":"0","show_links":"0","linka_name":"","linkb_name":"","linkc_name":"","linkd_name":"","linke_name":"","contact_icons":"0","icon_address":"","icon_email":"","icon_telephone":"","icon_mobile":"","icon_fax":"","icon_misc":"","show_headings":"1","show_position_headings":"1","show_email_headings":"0","show_telephone_headings":"1","show_mobile_headings":"0","show_fax_headings":"0","allow_vcard_headings":"0","show_suburb_headings":"1","show_state_headings":"1","show_country_headings":"1","show_email_form":"1","show_email_copy":"1","banned_email":"","banned_subject":"","banned_text":"","validate_session":"1","custom_reply":"0","redirect":"","show_category_crumb":"0","metakey":"","metadesc":"","robots":"","author":"","rights":"","xreference":""}', '', '', 0, '0000-00-00 00:00:00', 0, 0),
(9, 'com_cpanel', 'component', 'com_cpanel', '', 1, 1, 1, 1, '{"name":"com_cpanel","type":"component","creationDate":"April 2006","author":"Joomla! Project","copyright":"(C) 2005 - 2013 Open Source Matters. All rights reserved.","authorEmail":"admin@joomla.org","authorUrl":"www.joomla.org","version":"3.0.0","description":"COM_CPANEL_XML_DESCRIPTION","group":""}', '', '', '', 0, '0000-00-00 00:00:00', 0, 0),
(10, 'com_installer', 'component', 'com_installer', '', 1, 1, 1, 1, '{"name":"com_installer","type":"component","creationDate":"April 2006","author":"Joomla! Project","copyright":"(C) 2005 - 2013 Open Source Matters. All rights reserved.\\t","authorEmail":"admin@joomla.org","authorUrl":"www.joomla.org","version":"3.0.0","description":"COM_INSTALLER_XML_DESCRIPTION","group":""}', '', '', '', 0, '0000-00-00 00:00:00', 0, 0),
(11, 'com_languages', 'component', 'com_languages', '', 1, 1, 1, 1, '{"name":"com_languages","type":"component","creationDate":"2006","author":"Joomla! Project","copyright":"(C) 2005 - 2013 Open Source Matters. All rights reserved.\\n\\t","authorEmail":"admin@joomla.org","authorUrl":"www.joomla.org","version":"3.0.0","description":"COM_LANGUAGES_XML_DESCRIPTION","group":""}', '{"administrator":"es-ES","site":"es-ES"}', '', '', 0, '0000-00-00 00:00:00', 0, 0),
(12, 'com_login', 'component', 'com_login', '', 1, 1, 1, 1, '{"name":"com_login","type":"component","creationDate":"April 2006","author":"Joomla! Project","copyright":"(C) 2005 - 2013 Open Source Matters. All rights reserved.\\t","authorEmail":"admin@joomla.org","authorUrl":"www.joomla.org","version":"3.0.0","description":"COM_LOGIN_XML_DESCRIPTION","group":""}', '', '', '', 0, '0000-00-00 00:00:00', 0, 0),
(13, 'com_media', 'component', 'com_media', '', 1, 1, 0, 1, '{"name":"com_media","type":"component","creationDate":"April 2006","author":"Joomla! Project","copyright":"(C) 2005 - 2013 Open Source Matters. All rights reserved.\\t","authorEmail":"admin@joomla.org","authorUrl":"www.joomla.org","version":"3.0.0","description":"COM_MEDIA_XML_DESCRIPTION","group":""}', '{"upload_extensions":"bmp,csv,doc,gif,ico,jpg,jpeg,odg,odp,ods,odt,pdf,png,ppt,swf,txt,xcf,xls,BMP,CSV,DOC,GIF,ICO,JPG,JPEG,ODG,ODP,ODS,ODT,PDF,PNG,PPT,SWF,TXT,XCF,XLS","upload_maxsize":"10","file_path":"images","image_path":"images","restrict_uploads":"1","allowed_media_usergroup":"3","check_mime":"1","image_extensions":"bmp,gif,jpg,png","ignore_extensions":"","upload_mime":"image\\/jpeg,image\\/gif,image\\/png,image\\/bmp,application\\/x-shockwave-flash,application\\/msword,application\\/excel,application\\/pdf,application\\/powerpoint,text\\/plain,application\\/x-zip","upload_mime_illegal":"text\\/html"}', '', '', 0, '0000-00-00 00:00:00', 0, 0),
(14, 'com_menus', 'component', 'com_menus', '', 1, 1, 1, 1, '{"name":"com_menus","type":"component","creationDate":"April 2006","author":"Joomla! Project","copyright":"(C) 2005 - 2013 Open Source Matters. All rights reserved.\\t","authorEmail":"admin@joomla.org","authorUrl":"www.joomla.org","version":"3.0.0","description":"COM_MENUS_XML_DESCRIPTION","group":""}', '', '', '', 0, '0000-00-00 00:00:00', 0, 0),
(15, 'com_messages', 'component', 'com_messages', '', 1, 1, 1, 1, '{"name":"com_messages","type":"component","creationDate":"April 2006","author":"Joomla! Project","copyright":"(C) 2005 - 2013 Open Source Matters. All rights reserved.\\t","authorEmail":"admin@joomla.org","authorUrl":"www.joomla.org","version":"3.0.0","description":"COM_MESSAGES_XML_DESCRIPTION","group":""}', '', '', '', 0, '0000-00-00 00:00:00', 0, 0),
(16, 'com_modules', 'component', 'com_modules', '', 1, 1, 1, 1, '{"name":"com_modules","type":"component","creationDate":"April 2006","author":"Joomla! Project","copyright":"(C) 2005 - 2013 Open Source Matters. All rights reserved.\\t","authorEmail":"admin@joomla.org","authorUrl":"www.joomla.org","version":"3.0.0","description":"COM_MODULES_XML_DESCRIPTION","group":""}', '', '', '', 0, '0000-00-00 00:00:00', 0, 0),
(17, 'com_newsfeeds', 'component', 'com_newsfeeds', '', 1, 1, 1, 0, '{"name":"com_newsfeeds","type":"component","creationDate":"April 2006","author":"Joomla! Project","copyright":"(C) 2005 - 2013 Open Source Matters. All rights reserved.\\t","authorEmail":"admin@joomla.org","authorUrl":"www.joomla.org","version":"3.0.0","description":"COM_NEWSFEEDS_XML_DESCRIPTION","group":""}', '{"newsfeed_layout":"_:default","save_history":"1","history_limit":5,"show_feed_image":"1","show_feed_description":"1","show_item_description":"1","feed_character_count":"0","feed_display_order":"des","float_first":"right","float_second":"right","show_tags":"1","category_layout":"_:default","show_category_title":"1","show_description":"1","show_description_image":"1","maxLevel":"-1","show_empty_categories":"0","show_subcat_desc":"1","show_cat_items":"1","show_cat_tags":"1","show_base_description":"1","maxLevelcat":"-1","show_empty_categories_cat":"0","show_subcat_desc_cat":"1","show_cat_items_cat":"1","filter_field":"1","show_pagination_limit":"1","show_headings":"1","show_articles":"0","show_link":"1","show_pagination":"1","show_pagination_results":"1"}', '', '', 0, '0000-00-00 00:00:00', 0, 0),
(18, 'com_plugins', 'component', 'com_plugins', '', 1, 1, 1, 1, '{"name":"com_plugins","type":"component","creationDate":"April 2006","author":"Joomla! Project","copyright":"(C) 2005 - 2013 Open Source Matters. All rights reserved.\\t","authorEmail":"admin@joomla.org","authorUrl":"www.joomla.org","version":"3.0.0","description":"COM_PLUGINS_XML_DESCRIPTION","group":""}', '', '', '', 0, '0000-00-00 00:00:00', 0, 0),
(19, 'com_search', 'component', 'com_search', '', 1, 1, 1, 0, '{"name":"com_search","type":"component","creationDate":"April 2006","author":"Joomla! Project","copyright":"(C) 2005 - 2013 Open Source Matters. All rights reserved.\\n\\t","authorEmail":"admin@joomla.org","authorUrl":"www.joomla.org","version":"3.0.0","description":"COM_SEARCH_XML_DESCRIPTION","group":""}', '{"enabled":"0","show_date":"1"}', '', '', 0, '0000-00-00 00:00:00', 0, 0),
(20, 'com_templates', 'component', 'com_templates', '', 1, 1, 1, 1, '{"name":"com_templates","type":"component","creationDate":"April 2006","author":"Joomla! Project","copyright":"(C) 2005 - 2013 Open Source Matters. All rights reserved.\\t","authorEmail":"admin@joomla.org","authorUrl":"www.joomla.org","version":"3.0.0","description":"COM_TEMPLATES_XML_DESCRIPTION","group":""}', '{"template_positions_display":"0","upload_limit":"2","image_formats":"gif,bmp,jpg,jpeg,png","source_formats":"txt,less,ini,xml,js,php,css","font_formats":"woff,ttf,otf","compressed_formats":"zip"}', '', '', 0, '0000-00-00 00:00:00', 0, 0),
(21, 'com_weblinks', 'component', 'com_weblinks', '', 1, 1, 1, 0, '{"name":"com_weblinks","type":"component","creationDate":"April 2006","author":"Joomla! Project","copyright":"(C) 2005 - 2013 Open Source Matters. All rights reserved.\\n\\t","authorEmail":"admin@joomla.org","authorUrl":"www.joomla.org","version":"3.0.0","description":"COM_WEBLINKS_XML_DESCRIPTION","group":""}', '{"target":"0","save_history":"1","history_limit":5,"count_clicks":"1","icons":1,"link_icons":"","float_first":"right","float_second":"right","show_tags":"1","category_layout":"_:default","show_category_title":"1","show_description":"1","show_description_image":"1","maxLevel":"-1","show_empty_categories":"0","show_subcat_desc":"1","show_cat_num_links":"1","show_cat_tags":"1","show_base_description":"1","maxLevelcat":"-1","show_empty_categories_cat":"0","show_subcat_desc_cat":"1","show_cat_num_links_cat":"1","filter_field":"1","show_pagination_limit":"1","show_headings":"0","show_link_description":"1","show_link_hits":"1","show_pagination":"2","show_pagination_results":"1","show_feed_link":"1"}', '', '', 0, '0000-00-00 00:00:00', 0, 0),
(22, 'com_content', 'component', 'com_content', '', 1, 1, 0, 1, '{"name":"com_content","type":"component","creationDate":"April 2006","author":"Joomla! Project","copyright":"(C) 2005 - 2013 Open Source Matters. All rights reserved.\\t","authorEmail":"admin@joomla.org","authorUrl":"www.joomla.org","version":"3.0.0","description":"COM_CONTENT_XML_DESCRIPTION","group":""}', '{"article_layout":"_:default","show_title":"1","link_titles":"1","show_intro":"1","info_block_position":"0","show_category":"0","link_category":"0","show_parent_category":"0","link_parent_category":"0","show_author":"0","link_author":"0","show_create_date":"0","show_modify_date":"0","show_publish_date":"0","show_item_navigation":"0","show_vote":"0","show_readmore":"1","show_readmore_title":"0","readmore_limit":"100","show_tags":"1","show_icons":"1","show_print_icon":"1","show_email_icon":"1","show_hits":"0","show_noauth":"0","urls_position":"0","show_publishing_options":"1","show_article_options":"1","save_history":"1","history_limit":10,"show_urls_images_frontend":"0","show_urls_images_backend":"1","targeta":0,"targetb":0,"targetc":0,"float_intro":"left","float_fulltext":"left","category_layout":"_:blog","show_category_heading_title_text":"1","show_category_title":"0","show_description":"0","show_description_image":"0","maxLevel":"1","show_empty_categories":"0","show_no_articles":"1","show_subcat_desc":"1","show_cat_num_articles":"0","show_base_description":"1","maxLevelcat":"-1","show_empty_categories_cat":"0","show_subcat_desc_cat":"1","show_cat_num_articles_cat":"1","num_leading_articles":"1","num_intro_articles":"4","num_columns":"2","num_links":"4","multi_column_order":"0","show_subcategory_content":"0","show_pagination_limit":"1","filter_field":"hide","show_headings":"1","list_show_date":"0","date_format":"","list_show_hits":"1","list_show_author":"1","orderby_pri":"order","orderby_sec":"rdate","order_date":"published","show_pagination":"2","show_pagination_results":"1","show_feed_link":"1","feed_summary":"0","feed_show_readmore":"1"}', '', '', 0, '0000-00-00 00:00:00', 0, 0),
(23, 'com_config', 'component', 'com_config', '', 1, 1, 0, 1, '{"name":"com_config","type":"component","creationDate":"April 2006","author":"Joomla! Project","copyright":"(C) 2005 - 2013 Open Source Matters. All rights reserved.","authorEmail":"admin@joomla.org","authorUrl":"www.joomla.org","version":"3.0.0","description":"COM_CONFIG_XML_DESCRIPTION","group":""}', '{"filters":{"1":{"filter_type":"NH","filter_tags":"","filter_attributes":""},"9":{"filter_type":"BL","filter_tags":"","filter_attributes":""},"6":{"filter_type":"BL","filter_tags":"","filter_attributes":""},"7":{"filter_type":"NONE","filter_tags":"","filter_attributes":""},"2":{"filter_type":"NH","filter_tags":"","filter_attributes":""},"3":{"filter_type":"BL","filter_tags":"","filter_attributes":""},"4":{"filter_type":"BL","filter_tags":"","filter_attributes":""},"5":{"filter_type":"BL","filter_tags":"","filter_attributes":""},"8":{"filter_type":"NONE","filter_tags":"","filter_attributes":""}}}', '', '', 0, '0000-00-00 00:00:00', 0, 0),
(24, 'com_redirect', 'component', 'com_redirect', '', 1, 1, 0, 1, '{"name":"com_redirect","type":"component","creationDate":"April 2006","author":"Joomla! Project","copyright":"(C) 2005 - 2013 Open Source Matters. All rights reserved.\\t","authorEmail":"admin@joomla.org","authorUrl":"www.joomla.org","version":"3.0.0","description":"COM_REDIRECT_XML_DESCRIPTION","group":""}', '', '', '', 0, '0000-00-00 00:00:00', 0, 0),
(25, 'com_users', 'component', 'com_users', '', 1, 1, 0, 1, '{"name":"com_users","type":"component","creationDate":"April 2006","author":"Joomla! Project","copyright":"(C) 2005 - 2013 Open Source Matters. All rights reserved.\\t","authorEmail":"admin@joomla.org","authorUrl":"www.joomla.org","version":"3.0.0","description":"COM_USERS_XML_DESCRIPTION","group":""}', '{"allowUserRegistration":"1","new_usertype":"2","guest_usergroup":"13","sendpassword":"1","useractivation":"1","mail_to_admin":"0","captcha":"","frontend_userparams":"1","site_language":"0","change_login_name":"0","reset_count":"10","reset_time":"1","minimum_length":"4","minimum_integers":"0","minimum_symbols":"0","minimum_uppercase":"0","save_history":"1","history_limit":5,"mailSubjectPrefix":"","mailBodySuffix":""}', '', '', 0, '0000-00-00 00:00:00', 0, 0),
(27, 'com_finder', 'component', 'com_finder', '', 1, 1, 0, 0, '{"name":"com_finder","type":"component","creationDate":"August 2011","author":"Joomla! Project","copyright":"(C) 2005 - 2013 Open Source Matters. All rights reserved.","authorEmail":"admin@joomla.org","authorUrl":"www.joomla.org","version":"3.0.0","description":"COM_FINDER_XML_DESCRIPTION","group":""}', '{"show_description":"1","description_length":255,"allow_empty_query":"0","show_url":"1","show_advanced":"1","expand_advanced":"0","show_date_filters":"0","highlight_terms":"1","opensearch_name":"","opensearch_description":"","batch_size":"50","memory_table_limit":30000,"title_multiplier":"1.7","text_multiplier":"0.7","meta_multiplier":"1.2","path_multiplier":"2.0","misc_multiplier":"0.3","stemmer":"snowball"}', '', '', 0, '0000-00-00 00:00:00', 0, 0),
(28, 'com_joomlaupdate', 'component', 'com_joomlaupdate', '', 1, 1, 0, 1, '{"name":"com_joomlaupdate","type":"component","creationDate":"February 2012","author":"Joomla! Project","copyright":"(C) 2005 - 2013 Open Source Matters. All rights reserved.\\t","authorEmail":"admin@joomla.org","authorUrl":"www.joomla.org","version":"3.0.0","description":"COM_JOOMLAUPDATE_XML_DESCRIPTION","group":""}', '', '', '', 0, '0000-00-00 00:00:00', 0, 0),
(29, 'com_tags', 'component', 'com_tags', '', 1, 1, 1, 1, '{"name":"com_tags","type":"component","creationDate":"December 2013","author":"Joomla! Project","copyright":"(C) 2005 - 2013 Open Source Matters. All rights reserved.","authorEmail":"admin@joomla.org","authorUrl":"www.joomla.org","version":"3.1.0","description":"COM_TAGS_XML_DESCRIPTION","group":""}', '{"tag_layout":"_:default","save_history":"1","history_limit":5,"show_tag_title":"0","tag_list_show_tag_image":"0","tag_list_show_tag_description":"0","tag_list_image":"","show_tag_num_items":"0","tag_list_orderby":"title","tag_list_orderby_direction":"ASC","show_headings":"0","tag_list_show_date":"0","tag_list_show_item_image":"0","tag_list_show_item_description":"0","tag_list_item_maximum_characters":0,"return_any_or_all":"1","include_children":"0","maximum":200,"tag_list_language_filter":"all","tags_layout":"_:default","all_tags_orderby":"title","all_tags_orderby_direction":"ASC","all_tags_show_tag_image":"0","all_tags_show_tag_descripion":"0","all_tags_tag_maximum_characters":20,"all_tags_show_tag_hits":"0","filter_field":"1","show_pagination_limit":"1","show_pagination":"2","show_pagination_results":"1","tag_field_ajax_mode":"1","show_feed_link":"1"}', '', '', 0, '0000-00-00 00:00:00', 0, 0),
(30, 'com_contenthistory', 'component', 'com_contenthistory', '', 1, 1, 1, 0, '{"name":"com_contenthistory","type":"component","creationDate":"May 2013","author":"Joomla! Project","copyright":"(C) 2005 - 2013 Open Source Matters. All rights reserved.","authorEmail":"admin@joomla.org","authorUrl":"www.joomla.org","version":"3.2.0","description":"COM_CONTENTHISTORY_XML_DESCRIPTION","group":""}', '', '', '', 0, '0000-00-00 00:00:00', 0, 0),
(31, 'com_ajax', 'component', 'com_ajax', '', 1, 1, 1, 0, '{"name":"com_ajax","type":"component","creationDate":"August 2013","author":"Joomla! Project","copyright":"(C) 2005 - 2013 Open Source Matters. All rights reserved.","authorEmail":"admin@joomla.org","authorUrl":"www.joomla.org","version":"3.2.0","description":"COM_AJAX_XML_DESCRIPTION","group":""}', '', '', '', 0, '0000-00-00 00:00:00', 0, 0),
(32, 'com_postinstall', 'component', 'com_postinstall', '', 1, 1, 1, 1, '{"name":"com_postinstall","type":"component","creationDate":"September 2013","author":"Joomla! Project","copyright":"(C) 2005 - 2013 Open Source Matters. All rights reserved.","authorEmail":"admin@joomla.org","authorUrl":"www.joomla.org","version":"3.2.0","description":"COM_POSTINSTALL_XML_DESCRIPTION","group":""}', '', '', '', 0, '0000-00-00 00:00:00', 0, 0),
(100, 'PHPMailer', 'library', 'phpmailer', '', 0, 1, 1, 1, '{"name":"PHPMailer","type":"library","creationDate":"2001","author":"PHPMailer","copyright":"(c) 2001-2003, Brent R. Matzelle, (c) 2004-2009, Andy Prevost. All Rights Reserved., (c) 2010-2013, Jim Jagielski. All Rights Reserved.","authorEmail":"jimjag@gmail.com","authorUrl":"https:\\/\\/github.com\\/PHPMailer\\/PHPMailer","version":"5.2.6","description":"LIB_PHPMAILER_XML_DESCRIPTION","group":""}', '', '', '', 0, '0000-00-00 00:00:00', 0, 0),
(101, 'SimplePie', 'library', 'simplepie', '', 0, 1, 1, 1, '{"name":"SimplePie","type":"library","creationDate":"2004","author":"SimplePie","copyright":"Copyright (c) 2004-2009, Ryan Parman and Geoffrey Sneddon","authorEmail":"","authorUrl":"http:\\/\\/simplepie.org\\/","version":"1.2","description":"LIB_SIMPLEPIE_XML_DESCRIPTION","group":""}', '', '', '', 0, '0000-00-00 00:00:00', 0, 0),
(102, 'phputf8', 'library', 'phputf8', '', 0, 1, 1, 1, '{"name":"phputf8","type":"library","creationDate":"2006","author":"Harry Fuecks","copyright":"Copyright various authors","authorEmail":"hfuecks@gmail.com","authorUrl":"http:\\/\\/sourceforge.net\\/projects\\/phputf8","version":"0.5","description":"LIB_PHPUTF8_XML_DESCRIPTION","group":""}', '', '', '', 0, '0000-00-00 00:00:00', 0, 0),
(103, 'Joomla! Platform', 'library', 'joomla', '', 0, 1, 1, 1, '{"name":"Joomla! Platform","type":"library","creationDate":"2008","author":"Joomla! Project","copyright":"Copyright (C) 2005 - 2013 Open Source Matters. All rights reserved.","authorEmail":"admin@joomla.org","authorUrl":"http:\\/\\/www.joomla.org","version":"13.1","description":"LIB_JOOMLA_XML_DESCRIPTION","group":""}', '{"mediaversion":"fb6a203e843d82cc38e92289109e5062"}', '', '', 0, '0000-00-00 00:00:00', 0, 0),
(104, 'IDNA Convert', 'library', 'idna_convert', '', 0, 1, 1, 1, '{"name":"IDNA Convert","type":"library","creationDate":"2004","author":"phlyLabs","copyright":"2004-2011 phlyLabs Berlin, http:\\/\\/phlylabs.de","authorEmail":"phlymail@phlylabs.de","authorUrl":"http:\\/\\/phlylabs.de","version":"0.8.0","description":"LIB_IDNA_XML_DESCRIPTION","group":""}', '', '', '', 0, '0000-00-00 00:00:00', 0, 0),
(105, 'FOF', 'library', 'fof', '', 0, 1, 1, 1, '{"name":"FOF","type":"library","creationDate":"2013-12-14","author":"Nicholas K. Dionysopoulos \\/ Akeeba Ltd","copyright":"(C)2011-2013 Nicholas K. Dionysopoulos","authorEmail":"nicholas@akeebabackup.com","authorUrl":"https:\\/\\/www.akeebabackup.com","version":"2.1.1","description":"LIB_FOF_XML_DESCRIPTION","group":""}', '', '', '', 0, '0000-00-00 00:00:00', 0, 0),
(200, 'mod_articles_archive', 'module', 'mod_articles_archive', '', 0, 1, 1, 0, '{"name":"mod_articles_archive","type":"module","creationDate":"July 2006","author":"Joomla! Project","copyright":"Copyright (C) 2005 - 2013 Open Source Matters.\\n\\t\\tAll rights reserved.","authorEmail":"admin@joomla.org","authorUrl":"www.joomla.org","version":"3.0.0","description":"MOD_ARTICLES_ARCHIVE_XML_DESCRIPTION","group":""}', '', '', '', 0, '0000-00-00 00:00:00', 0, 0),
(201, 'mod_articles_latest', 'module', 'mod_articles_latest', '', 0, 1, 1, 0, '{"name":"mod_articles_latest","type":"module","creationDate":"July 2004","author":"Joomla! Project","copyright":"Copyright (C) 2005 - 2013 Open Source Matters. All rights reserved.","authorEmail":"admin@joomla.org","authorUrl":"www.joomla.org","version":"3.0.0","description":"MOD_LATEST_NEWS_XML_DESCRIPTION","group":""}', '', '', '', 0, '0000-00-00 00:00:00', 0, 0),
(202, 'mod_articles_popular', 'module', 'mod_articles_popular', '', 0, 1, 1, 0, '{"name":"mod_articles_popular","type":"module","creationDate":"July 2006","author":"Joomla! Project","copyright":"Copyright (C) 2005 - 2013 Open Source Matters. All rights reserved.","authorEmail":"admin@joomla.org","authorUrl":"www.joomla.org","version":"3.0.0","description":"MOD_POPULAR_XML_DESCRIPTION","group":""}', '', '', '', 0, '0000-00-00 00:00:00', 0, 0),
(203, 'mod_banners', 'module', 'mod_banners', '', 0, 1, 1, 0, '{"name":"mod_banners","type":"module","creationDate":"July 2006","author":"Joomla! Project","copyright":"Copyright (C) 2005 - 2013 Open Source Matters. All rights reserved.","authorEmail":"admin@joomla.org","authorUrl":"www.joomla.org","version":"3.0.0","description":"MOD_BANNERS_XML_DESCRIPTION","group":""}', '', '', '', 0, '0000-00-00 00:00:00', 0, 0),
(204, 'mod_breadcrumbs', 'module', 'mod_breadcrumbs', '', 0, 1, 1, 1, '{"name":"mod_breadcrumbs","type":"module","creationDate":"July 2006","author":"Joomla! Project","copyright":"Copyright (C) 2005 - 2013 Open Source Matters. All rights reserved.","authorEmail":"admin@joomla.org","authorUrl":"www.joomla.org","version":"3.0.0","description":"MOD_BREADCRUMBS_XML_DESCRIPTION","group":""}', '', '', '', 0, '0000-00-00 00:00:00', 0, 0),
(205, 'mod_custom', 'module', 'mod_custom', '', 0, 1, 1, 1, '{"name":"mod_custom","type":"module","creationDate":"July 2004","author":"Joomla! Project","copyright":"Copyright (C) 2005 - 2013 Open Source Matters. All rights reserved.","authorEmail":"admin@joomla.org","authorUrl":"www.joomla.org","version":"3.0.0","description":"MOD_CUSTOM_XML_DESCRIPTION","group":""}', '', '', '', 0, '0000-00-00 00:00:00', 0, 0),
(206, 'mod_feed', 'module', 'mod_feed', '', 0, 1, 1, 0, '{"name":"mod_feed","type":"module","creationDate":"July 2005","author":"Joomla! Project","copyright":"Copyright (C) 2005 - 2013 Open Source Matters. All rights reserved.","authorEmail":"admin@joomla.org","authorUrl":"www.joomla.org","version":"3.0.0","description":"MOD_FEED_XML_DESCRIPTION","group":""}', '', '', '', 0, '0000-00-00 00:00:00', 0, 0),
(207, 'mod_footer', 'module', 'mod_footer', '', 0, 1, 1, 0, '{"name":"mod_footer","type":"module","creationDate":"July 2006","author":"Joomla! Project","copyright":"Copyright (C) 2005 - 2013 Open Source Matters. All rights reserved.","authorEmail":"admin@joomla.org","authorUrl":"www.joomla.org","version":"3.0.0","description":"MOD_FOOTER_XML_DESCRIPTION","group":""}', '', '', '', 0, '0000-00-00 00:00:00', 0, 0),
(208, 'mod_login', 'module', 'mod_login', '', 0, 1, 1, 1, '{"name":"mod_login","type":"module","creationDate":"July 2006","author":"Joomla! Project","copyright":"Copyright (C) 2005 - 2013 Open Source Matters. All rights reserved.","authorEmail":"admin@joomla.org","authorUrl":"www.joomla.org","version":"3.0.0","description":"MOD_LOGIN_XML_DESCRIPTION","group":""}', '', '', '', 0, '0000-00-00 00:00:00', 0, 0),
(209, 'mod_menu', 'module', 'mod_menu', '', 0, 1, 1, 1, '{"name":"mod_menu","type":"module","creationDate":"July 2004","author":"Joomla! Project","copyright":"Copyright (C) 2005 - 2013 Open Source Matters. All rights reserved.","authorEmail":"admin@joomla.org","authorUrl":"www.joomla.org","version":"3.0.0","description":"MOD_MENU_XML_DESCRIPTION","group":""}', '', '', '', 0, '0000-00-00 00:00:00', 0, 0),
(210, 'mod_articles_news', 'module', 'mod_articles_news', '', 0, 1, 1, 0, '{"name":"mod_articles_news","type":"module","creationDate":"July 2006","author":"Joomla! Project","copyright":"Copyright (C) 2005 - 2013 Open Source Matters. All rights reserved.","authorEmail":"admin@joomla.org","authorUrl":"www.joomla.org","version":"3.0.0","description":"MOD_ARTICLES_NEWS_XML_DESCRIPTION","group":""}', '', '', '', 0, '0000-00-00 00:00:00', 0, 0),
(211, 'mod_random_image', 'module', 'mod_random_image', '', 0, 1, 1, 0, '{"name":"mod_random_image","type":"module","creationDate":"July 2006","author":"Joomla! Project","copyright":"Copyright (C) 2005 - 2013 Open Source Matters. All rights reserved.","authorEmail":"admin@joomla.org","authorUrl":"www.joomla.org","version":"3.0.0","description":"MOD_RANDOM_IMAGE_XML_DESCRIPTION","group":""}', '', '', '', 0, '0000-00-00 00:00:00', 0, 0),
(212, 'mod_related_items', 'module', 'mod_related_items', '', 0, 1, 1, 0, '{"name":"mod_related_items","type":"module","creationDate":"July 2004","author":"Joomla! Project","copyright":"Copyright (C) 2005 - 2013 Open Source Matters. All rights reserved.","authorEmail":"admin@joomla.org","authorUrl":"www.joomla.org","version":"3.0.0","description":"MOD_RELATED_XML_DESCRIPTION","group":""}', '', '', '', 0, '0000-00-00 00:00:00', 0, 0),
(213, 'mod_search', 'module', 'mod_search', '', 0, 1, 1, 0, '{"name":"mod_search","type":"module","creationDate":"July 2004","author":"Joomla! Project","copyright":"Copyright (C) 2005 - 2013 Open Source Matters. All rights reserved.","authorEmail":"admin@joomla.org","authorUrl":"www.joomla.org","version":"3.0.0","description":"MOD_SEARCH_XML_DESCRIPTION","group":""}', '', '', '', 0, '0000-00-00 00:00:00', 0, 0),
(214, 'mod_stats', 'module', 'mod_stats', '', 0, 1, 1, 0, '{"name":"mod_stats","type":"module","creationDate":"July 2004","author":"Joomla! Project","copyright":"Copyright (C) 2005 - 2013 Open Source Matters. All rights reserved.","authorEmail":"admin@joomla.org","authorUrl":"www.joomla.org","version":"3.0.0","description":"MOD_STATS_XML_DESCRIPTION","group":""}', '', '', '', 0, '0000-00-00 00:00:00', 0, 0),
(215, 'mod_syndicate', 'module', 'mod_syndicate', '', 0, 1, 1, 1, '{"name":"mod_syndicate","type":"module","creationDate":"May 2006","author":"Joomla! Project","copyright":"Copyright (C) 2005 - 2013 Open Source Matters. All rights reserved.","authorEmail":"admin@joomla.org","authorUrl":"www.joomla.org","version":"3.0.0","description":"MOD_SYNDICATE_XML_DESCRIPTION","group":""}', '', '', '', 0, '0000-00-00 00:00:00', 0, 0),
(216, 'mod_users_latest', 'module', 'mod_users_latest', '', 0, 1, 1, 0, '{"name":"mod_users_latest","type":"module","creationDate":"December 2009","author":"Joomla! Project","copyright":"Copyright (C) 2005 - 2013 Open Source Matters. All rights reserved.","authorEmail":"admin@joomla.org","authorUrl":"www.joomla.org","version":"3.0.0","description":"MOD_USERS_LATEST_XML_DESCRIPTION","group":""}', '', '', '', 0, '0000-00-00 00:00:00', 0, 0),
(217, 'mod_weblinks', 'module', 'mod_weblinks', '', 0, 1, 1, 0, '{"name":"mod_weblinks","type":"module","creationDate":"July 2009","author":"Joomla! Project","copyright":"Copyright (C) 2005 - 2013 Open Source Matters. All rights reserved.","authorEmail":"admin@joomla.org","authorUrl":"www.joomla.org","version":"3.0.0","description":"MOD_WEBLINKS_XML_DESCRIPTION","group":""}', '', '', '', 0, '0000-00-00 00:00:00', 0, 0),
(218, 'mod_whosonline', 'module', 'mod_whosonline', '', 0, 1, 1, 0, '{"name":"mod_whosonline","type":"module","creationDate":"July 2004","author":"Joomla! Project","copyright":"Copyright (C) 2005 - 2013 Open Source Matters. All rights reserved.","authorEmail":"admin@joomla.org","authorUrl":"www.joomla.org","version":"3.0.0","description":"MOD_WHOSONLINE_XML_DESCRIPTION","group":""}', '', '', '', 0, '0000-00-00 00:00:00', 0, 0),
(219, 'mod_wrapper', 'module', 'mod_wrapper', '', 0, 1, 1, 0, '{"name":"mod_wrapper","type":"module","creationDate":"October 2004","author":"Joomla! Project","copyright":"Copyright (C) 2005 - 2013 Open Source Matters. All rights reserved.","authorEmail":"admin@joomla.org","authorUrl":"www.joomla.org","version":"3.0.0","description":"MOD_WRAPPER_XML_DESCRIPTION","group":""}', '', '', '', 0, '0000-00-00 00:00:00', 0, 0),
(220, 'mod_articles_category', 'module', 'mod_articles_category', '', 0, 1, 1, 0, '{"name":"mod_articles_category","type":"module","creationDate":"February 2010","author":"Joomla! Project","copyright":"Copyright (C) 2005 - 2013 Open Source Matters. All rights reserved.","authorEmail":"admin@joomla.org","authorUrl":"www.joomla.org","version":"3.0.0","description":"MOD_ARTICLES_CATEGORY_XML_DESCRIPTION","group":""}', '', '', '', 0, '0000-00-00 00:00:00', 0, 0),
(221, 'mod_articles_categories', 'module', 'mod_articles_categories', '', 0, 1, 1, 0, '{"name":"mod_articles_categories","type":"module","creationDate":"February 2010","author":"Joomla! Project","copyright":"Copyright (C) 2005 - 2013 Open Source Matters. All rights reserved.","authorEmail":"admin@joomla.org","authorUrl":"www.joomla.org","version":"3.0.0","description":"MOD_ARTICLES_CATEGORIES_XML_DESCRIPTION","group":""}', '', '', '', 0, '0000-00-00 00:00:00', 0, 0),
(222, 'mod_languages', 'module', 'mod_languages', '', 0, 1, 1, 1, '{"name":"mod_languages","type":"module","creationDate":"February 2010","author":"Joomla! Project","copyright":"Copyright (C) 2005 - 2013 Open Source Matters. All rights reserved.","authorEmail":"admin@joomla.org","authorUrl":"www.joomla.org","version":"3.0.0","description":"MOD_LANGUAGES_XML_DESCRIPTION","group":""}', '', '', '', 0, '0000-00-00 00:00:00', 0, 0),
(223, 'mod_finder', 'module', 'mod_finder', '', 0, 1, 0, 0, '{"name":"mod_finder","type":"module","creationDate":"August 2011","author":"Joomla! Project","copyright":"(C) 2005 - 2013 Open Source Matters. All rights reserved.","authorEmail":"admin@joomla.org","authorUrl":"www.joomla.org","version":"3.0.0","description":"MOD_FINDER_XML_DESCRIPTION","group":""}', '', '', '', 0, '0000-00-00 00:00:00', 0, 0),
(300, 'mod_custom', 'module', 'mod_custom', '', 1, 1, 1, 1, '{"name":"mod_custom","type":"module","creationDate":"July 2004","author":"Joomla! Project","copyright":"Copyright (C) 2005 - 2013 Open Source Matters. All rights reserved.","authorEmail":"admin@joomla.org","authorUrl":"www.joomla.org","version":"3.0.0","description":"MOD_CUSTOM_XML_DESCRIPTION","group":""}', '', '', '', 0, '0000-00-00 00:00:00', 0, 0),
(301, 'mod_feed', 'module', 'mod_feed', '', 1, 1, 1, 0, '{"name":"mod_feed","type":"module","creationDate":"July 2005","author":"Joomla! Project","copyright":"Copyright (C) 2005 - 2013 Open Source Matters. All rights reserved.","authorEmail":"admin@joomla.org","authorUrl":"www.joomla.org","version":"3.0.0","description":"MOD_FEED_XML_DESCRIPTION","group":""}', '', '', '', 0, '0000-00-00 00:00:00', 0, 0),
(302, 'mod_latest', 'module', 'mod_latest', '', 1, 1, 1, 0, '{"name":"mod_latest","type":"module","creationDate":"July 2004","author":"Joomla! Project","copyright":"Copyright (C) 2005 - 2013 Open Source Matters. All rights reserved.","authorEmail":"admin@joomla.org","authorUrl":"www.joomla.org","version":"3.0.0","description":"MOD_LATEST_XML_DESCRIPTION","group":""}', '', '', '', 0, '0000-00-00 00:00:00', 0, 0),
(303, 'mod_logged', 'module', 'mod_logged', '', 1, 1, 1, 0, '{"name":"mod_logged","type":"module","creationDate":"January 2005","author":"Joomla! Project","copyright":"Copyright (C) 2005 - 2013 Open Source Matters. All rights reserved.","authorEmail":"admin@joomla.org","authorUrl":"www.joomla.org","version":"3.0.0","description":"MOD_LOGGED_XML_DESCRIPTION","group":""}', '', '', '', 0, '0000-00-00 00:00:00', 0, 0),
(304, 'mod_login', 'module', 'mod_login', '', 1, 1, 1, 1, '{"name":"mod_login","type":"module","creationDate":"March 2005","author":"Joomla! Project","copyright":"Copyright (C) 2005 - 2013 Open Source Matters. All rights reserved.","authorEmail":"admin@joomla.org","authorUrl":"www.joomla.org","version":"3.0.0","description":"MOD_LOGIN_XML_DESCRIPTION","group":""}', '', '', '', 0, '0000-00-00 00:00:00', 0, 0),
(305, 'mod_menu', 'module', 'mod_menu', '', 1, 1, 1, 0, '{"name":"mod_menu","type":"module","creationDate":"March 2006","author":"Joomla! Project","copyright":"Copyright (C) 2005 - 2013 Open Source Matters. All rights reserved.","authorEmail":"admin@joomla.org","authorUrl":"www.joomla.org","version":"3.0.0","description":"MOD_MENU_XML_DESCRIPTION","group":""}', '', '', '', 0, '0000-00-00 00:00:00', 0, 0),
(307, 'mod_popular', 'module', 'mod_popular', '', 1, 1, 1, 0, '{"name":"mod_popular","type":"module","creationDate":"July 2004","author":"Joomla! Project","copyright":"Copyright (C) 2005 - 2013 Open Source Matters. All rights reserved.","authorEmail":"admin@joomla.org","authorUrl":"www.joomla.org","version":"3.0.0","description":"MOD_POPULAR_XML_DESCRIPTION","group":""}', '', '', '', 0, '0000-00-00 00:00:00', 0, 0),
(308, 'mod_quickicon', 'module', 'mod_quickicon', '', 1, 1, 1, 1, '{"name":"mod_quickicon","type":"module","creationDate":"Nov 2005","author":"Joomla! Project","copyright":"Copyright (C) 2005 - 2013 Open Source Matters. All rights reserved.","authorEmail":"admin@joomla.org","authorUrl":"www.joomla.org","version":"3.0.0","description":"MOD_QUICKICON_XML_DESCRIPTION","group":""}', '', '', '', 0, '0000-00-00 00:00:00', 0, 0),
(309, 'mod_status', 'module', 'mod_status', '', 1, 1, 1, 0, '{"name":"mod_status","type":"module","creationDate":"Feb 2006","author":"Joomla! Project","copyright":"(C) 2005 - 2013 Open Source Matters. All rights reserved.","authorEmail":"admin@joomla.org","authorUrl":"www.joomla.org","version":"3.0.0","description":"MOD_STATUS_XML_DESCRIPTION","group":""}', '', '', '', 0, '0000-00-00 00:00:00', 0, 0),
(310, 'mod_submenu', 'module', 'mod_submenu', '', 1, 1, 1, 0, '{"name":"mod_submenu","type":"module","creationDate":"Feb 2006","author":"Joomla! Project","copyright":"Copyright (C) 2005 - 2013 Open Source Matters. All rights reserved.","authorEmail":"admin@joomla.org","authorUrl":"www.joomla.org","version":"3.0.0","description":"MOD_SUBMENU_XML_DESCRIPTION","group":""}', '', '', '', 0, '0000-00-00 00:00:00', 0, 0),
(311, 'mod_title', 'module', 'mod_title', '', 1, 1, 1, 0, '{"name":"mod_title","type":"module","creationDate":"Nov 2005","author":"Joomla! Project","copyright":"Copyright (C) 2005 - 2013 Open Source Matters. All rights reserved.","authorEmail":"admin@joomla.org","authorUrl":"www.joomla.org","version":"3.0.0","description":"MOD_TITLE_XML_DESCRIPTION","group":""}', '', '', '', 0, '0000-00-00 00:00:00', 0, 0),
(312, 'mod_toolbar', 'module', 'mod_toolbar', '', 1, 1, 1, 1, '{"name":"mod_toolbar","type":"module","creationDate":"Nov 2005","author":"Joomla! Project","copyright":"Copyright (C) 2005 - 2013 Open Source Matters. All rights reserved.","authorEmail":"admin@joomla.org","authorUrl":"www.joomla.org","version":"3.0.0","description":"MOD_TOOLBAR_XML_DESCRIPTION","group":""}', '', '', '', 0, '0000-00-00 00:00:00', 0, 0),
(313, 'mod_multilangstatus', 'module', 'mod_multilangstatus', '', 1, 1, 1, 0, '{"name":"mod_multilangstatus","type":"module","creationDate":"September 2011","author":"Joomla! Project","copyright":"Copyright (C) 2005 - 2013 Open Source Matters. All rights reserved.","authorEmail":"admin@joomla.org","authorUrl":"www.joomla.org","version":"3.0.0","description":"MOD_MULTILANGSTATUS_XML_DESCRIPTION","group":""}', '{"cache":"0"}', '', '', 0, '0000-00-00 00:00:00', 0, 0),
(314, 'mod_version', 'module', 'mod_version', '', 1, 1, 1, 0, '{"name":"mod_version","type":"module","creationDate":"January 2012","author":"Joomla! Project","copyright":"Copyright (C) 2005 - 2013 Open Source Matters. All rights reserved.","authorEmail":"admin@joomla.org","authorUrl":"www.joomla.org","version":"3.0.0","description":"MOD_VERSION_XML_DESCRIPTION","group":""}', '{"format":"short","product":"1","cache":"0"}', '', '', 0, '0000-00-00 00:00:00', 0, 0),
(315, 'mod_stats_admin', 'module', 'mod_stats_admin', '', 1, 1, 1, 0, '{"name":"mod_stats_admin","type":"module","creationDate":"July 2004","author":"Joomla! Project","copyright":"Copyright (C) 2005 - 2013 Open Source Matters. All rights reserved.","authorEmail":"admin@joomla.org","authorUrl":"www.joomla.org","version":"3.0.0","description":"MOD_STATS_XML_DESCRIPTION","group":""}', '{"serverinfo":"0","siteinfo":"0","counter":"0","increase":"0","cache":"1","cache_time":"900","cachemode":"static"}', '', '', 0, '0000-00-00 00:00:00', 0, 0),
(316, 'mod_tags_popular', 'module', 'mod_tags_popular', '', 0, 1, 1, 0, '{"name":"mod_tags_popular","type":"module","creationDate":"January 2013","author":"Joomla! Project","copyright":"Copyright (C) 2005 - 2013 Open Source Matters. All rights reserved.","authorEmail":"admin@joomla.org","authorUrl":"www.joomla.org","version":"3.1.0","description":"MOD_TAGS_POPULAR_XML_DESCRIPTION","group":""}', '{"maximum":"5","timeframe":"alltime","owncache":"1"}', '', '', 0, '0000-00-00 00:00:00', 0, 0),
(317, 'mod_tags_similar', 'module', 'mod_tags_similar', '', 0, 1, 1, 0, '{"name":"mod_tags_similar","type":"module","creationDate":"January 2013","author":"Joomla! Project","copyright":"Copyright (C) 2005 - 2013 Open Source Matters. All rights reserved.","authorEmail":"admin@joomla.org","authorUrl":"www.joomla.org","version":"3.1.0","description":"MOD_TAGS_SIMILAR_XML_DESCRIPTION","group":""}', '{"maximum":"5","matchtype":"any","owncache":"1"}', '', '', 0, '0000-00-00 00:00:00', 0, 0),
(400, 'plg_authentication_gmail', 'plugin', 'gmail', 'authentication', 0, 0, 1, 0, '{"name":"plg_authentication_gmail","type":"plugin","creationDate":"February 2006","author":"Joomla! Project","copyright":"Copyright (C) 2005 - 2013 Open Source Matters. All rights reserved.","authorEmail":"admin@joomla.org","authorUrl":"www.joomla.org","version":"3.0.0","description":"PLG_GMAIL_XML_DESCRIPTION","group":""}', '{"applysuffix":"0","suffix":"","verifypeer":"1","user_blacklist":""}', '', '', 0, '0000-00-00 00:00:00', 1, 0),
(401, 'plg_authentication_joomla', 'plugin', 'joomla', 'authentication', 0, 1, 1, 1, '{"name":"plg_authentication_joomla","type":"plugin","creationDate":"November 2005","author":"Joomla! Project","copyright":"Copyright (C) 2005 - 2013 Open Source Matters. All rights reserved.","authorEmail":"admin@joomla.org","authorUrl":"www.joomla.org","version":"3.0.0","description":"PLG_AUTH_JOOMLA_XML_DESCRIPTION","group":""}', '', '', '', 0, '0000-00-00 00:00:00', 0, 0),
(402, 'plg_authentication_ldap', 'plugin', 'ldap', 'authentication', 0, 0, 1, 0, '{"name":"plg_authentication_ldap","type":"plugin","creationDate":"November 2005","author":"Joomla! Project","copyright":"Copyright (C) 2005 - 2013 Open Source Matters. All rights reserved.","authorEmail":"admin@joomla.org","authorUrl":"www.joomla.org","version":"3.0.0","description":"PLG_LDAP_XML_DESCRIPTION","group":""}', '{"host":"","port":"389","use_ldapV3":"0","negotiate_tls":"0","no_referrals":"0","auth_method":"bind","base_dn":"","search_string":"","users_dn":"","username":"admin","password":"bobby7","ldap_fullname":"fullName","ldap_email":"mail","ldap_uid":"uid"}', '', '', 0, '0000-00-00 00:00:00', 3, 0),
(404, 'plg_content_emailcloak', 'plugin', 'emailcloak', 'content', 0, 1, 1, 0, '{"name":"plg_content_emailcloak","type":"plugin","creationDate":"November 2005","author":"Joomla! Project","copyright":"Copyright (C) 2005 - 2013 Open Source Matters. All rights reserved.","authorEmail":"admin@joomla.org","authorUrl":"www.joomla.org","version":"3.0.0","description":"PLG_CONTENT_EMAILCLOAK_XML_DESCRIPTION","group":""}', '{"mode":"1"}', '', '', 0, '0000-00-00 00:00:00', 1, 0),
(406, 'plg_content_loadmodule', 'plugin', 'loadmodule', 'content', 0, 1, 1, 0, '{"name":"plg_content_loadmodule","type":"plugin","creationDate":"November 2005","author":"Joomla! Project","copyright":"Copyright (C) 2005 - 2013 Open Source Matters. All rights reserved.","authorEmail":"admin@joomla.org","authorUrl":"www.joomla.org","version":"3.0.0","description":"PLG_LOADMODULE_XML_DESCRIPTION","group":""}', '{"style":"xhtml"}', '', '', 0, '2011-09-18 15:22:50', 0, 0),
(407, 'plg_content_pagebreak', 'plugin', 'pagebreak', 'content', 0, 1, 1, 0, '{"name":"plg_content_pagebreak","type":"plugin","creationDate":"November 2005","author":"Joomla! Project","copyright":"Copyright (C) 2005 - 2013 Open Source Matters. All rights reserved.","authorEmail":"admin@joomla.org","authorUrl":"www.joomla.org","version":"3.0.0","description":"PLG_CONTENT_PAGEBREAK_XML_DESCRIPTION","group":""}', '{"title":"1","multipage_toc":"1","showall":"1"}', '', '', 0, '0000-00-00 00:00:00', 4, 0),
(408, 'plg_content_pagenavigation', 'plugin', 'pagenavigation', 'content', 0, 1, 1, 0, '{"name":"plg_content_pagenavigation","type":"plugin","creationDate":"January 2006","author":"Joomla! Project","copyright":"Copyright (C) 2005 - 2013 Open Source Matters. All rights reserved.","authorEmail":"admin@joomla.org","authorUrl":"www.joomla.org","version":"3.0.0","description":"PLG_PAGENAVIGATION_XML_DESCRIPTION","group":""}', '{"position":"1"}', '', '', 0, '0000-00-00 00:00:00', 5, 0),
(409, 'plg_content_vote', 'plugin', 'vote', 'content', 0, 1, 1, 0, '{"name":"plg_content_vote","type":"plugin","creationDate":"November 2005","author":"Joomla! Project","copyright":"Copyright (C) 2005 - 2013 Open Source Matters. All rights reserved.","authorEmail":"admin@joomla.org","authorUrl":"www.joomla.org","version":"3.0.0","description":"PLG_VOTE_XML_DESCRIPTION","group":""}', '', '', '', 0, '0000-00-00 00:00:00', 6, 0),
(410, 'plg_editors_codemirror', 'plugin', 'codemirror', 'editors', 0, 1, 1, 1, '{"name":"plg_editors_codemirror","type":"plugin","creationDate":"28 March 2011","author":"Marijn Haverbeke","copyright":"","authorEmail":"N\\/A","authorUrl":"","version":"3.15","description":"PLG_CODEMIRROR_XML_DESCRIPTION","group":""}', '{"lineNumbers":"1","lineWrapping":"1","matchTags":"1","matchBrackets":"1","marker-gutter":"1","autoCloseTags":"1","autoCloseBrackets":"1","autoFocus":"1","theme":"default","tabmode":"indent"}', '', '', 0, '0000-00-00 00:00:00', 1, 0),
(411, 'plg_editors_none', 'plugin', 'none', 'editors', 0, 1, 1, 1, '{"name":"plg_editors_none","type":"plugin","creationDate":"August 2004","author":"Unknown","copyright":"","authorEmail":"N\\/A","authorUrl":"","version":"3.0.0","description":"PLG_NONE_XML_DESCRIPTION","group":""}', '', '', '', 0, '0000-00-00 00:00:00', 2, 0),
(412, 'plg_editors_tinymce', 'plugin', 'tinymce', 'editors', 0, 1, 1, 0, '{"name":"plg_editors_tinymce","type":"plugin","creationDate":"2005-2013","author":"Moxiecode Systems AB","copyright":"Moxiecode Systems AB","authorEmail":"N\\/A","authorUrl":"tinymce.moxiecode.com","version":"4.0.10","description":"PLG_TINY_XML_DESCRIPTION","group":""}', '{"mode":"1","skin":"0","mobile":"0","entity_encoding":"raw","lang_mode":"1","text_direction":"ltr","content_css":"1","content_css_custom":"","relative_urls":"1","newlines":"0","invalid_elements":"script,applet,iframe","extended_elements":"","html_height":"550","html_width":"750","resizing":"1","element_path":"1","fonts":"1","paste":"1","searchreplace":"1","insertdate":"1","colors":"1","table":"1","smilies":"1","hr":"1","link":"1","media":"1","print":"1","directionality":"1","fullscreen":"1","alignment":"1","visualchars":"1","visualblocks":"1","nonbreaking":"1","template":"1","blockquote":"1","wordcount":"1","advlist":"1","autosave":"1","contextmenu":"1","inlinepopups":"1","custom_plugin":"","custom_button":""}', '', '', 0, '0000-00-00 00:00:00', 3, 0),
(413, 'plg_editors-xtd_article', 'plugin', 'article', 'editors-xtd', 0, 1, 1, 1, '{"name":"plg_editors-xtd_article","type":"plugin","creationDate":"October 2009","author":"Joomla! Project","copyright":"Copyright (C) 2005 - 2013 Open Source Matters. All rights reserved.","authorEmail":"admin@joomla.org","authorUrl":"www.joomla.org","version":"3.0.0","description":"PLG_ARTICLE_XML_DESCRIPTION","group":""}', '', '', '', 0, '0000-00-00 00:00:00', 1, 0),
(414, 'plg_editors-xtd_image', 'plugin', 'image', 'editors-xtd', 0, 1, 1, 0, '{"name":"plg_editors-xtd_image","type":"plugin","creationDate":"August 2004","author":"Joomla! Project","copyright":"Copyright (C) 2005 - 2013 Open Source Matters. All rights reserved.","authorEmail":"admin@joomla.org","authorUrl":"www.joomla.org","version":"3.0.0","description":"PLG_IMAGE_XML_DESCRIPTION","group":""}', '', '', '', 0, '0000-00-00 00:00:00', 2, 0),
(415, 'plg_editors-xtd_pagebreak', 'plugin', 'pagebreak', 'editors-xtd', 0, 1, 1, 0, '{"name":"plg_editors-xtd_pagebreak","type":"plugin","creationDate":"August 2004","author":"Joomla! Project","copyright":"Copyright (C) 2005 - 2013 Open Source Matters. All rights reserved.","authorEmail":"admin@joomla.org","authorUrl":"www.joomla.org","version":"3.0.0","description":"PLG_EDITORSXTD_PAGEBREAK_XML_DESCRIPTION","group":""}', '', '', '', 0, '0000-00-00 00:00:00', 3, 0),
(416, 'plg_editors-xtd_readmore', 'plugin', 'readmore', 'editors-xtd', 0, 1, 1, 0, '{"name":"plg_editors-xtd_readmore","type":"plugin","creationDate":"March 2006","author":"Joomla! Project","copyright":"Copyright (C) 2005 - 2013 Open Source Matters. All rights reserved.","authorEmail":"admin@joomla.org","authorUrl":"www.joomla.org","version":"3.0.0","description":"PLG_READMORE_XML_DESCRIPTION","group":""}', '', '', '', 0, '0000-00-00 00:00:00', 4, 0),
(417, 'plg_search_categories', 'plugin', 'categories', 'search', 0, 1, 1, 0, '{"name":"plg_search_categories","type":"plugin","creationDate":"November 2005","author":"Joomla! Project","copyright":"Copyright (C) 2005 - 2013 Open Source Matters. All rights reserved.","authorEmail":"admin@joomla.org","authorUrl":"www.joomla.org","version":"3.0.0","description":"PLG_SEARCH_CATEGORIES_XML_DESCRIPTION","group":""}', '{"search_limit":"50","search_content":"1","search_archived":"1"}', '', '', 0, '0000-00-00 00:00:00', 0, 0);
INSERT INTO `ziax6_extensions` (`extension_id`, `name`, `type`, `element`, `folder`, `client_id`, `enabled`, `access`, `protected`, `manifest_cache`, `params`, `custom_data`, `system_data`, `checked_out`, `checked_out_time`, `ordering`, `state`) VALUES
(418, 'plg_search_contacts', 'plugin', 'contacts', 'search', 0, 1, 1, 0, '{"name":"plg_search_contacts","type":"plugin","creationDate":"November 2005","author":"Joomla! Project","copyright":"Copyright (C) 2005 - 2013 Open Source Matters. All rights reserved.","authorEmail":"admin@joomla.org","authorUrl":"www.joomla.org","version":"3.0.0","description":"PLG_SEARCH_CONTACTS_XML_DESCRIPTION","group":""}', '{"search_limit":"50","search_content":"1","search_archived":"1"}', '', '', 0, '0000-00-00 00:00:00', 0, 0),
(419, 'plg_search_content', 'plugin', 'content', 'search', 0, 1, 1, 0, '{"name":"plg_search_content","type":"plugin","creationDate":"November 2005","author":"Joomla! Project","copyright":"Copyright (C) 2005 - 2013 Open Source Matters. All rights reserved.","authorEmail":"admin@joomla.org","authorUrl":"www.joomla.org","version":"3.0.0","description":"PLG_SEARCH_CONTENT_XML_DESCRIPTION","group":""}', '{"search_limit":"50","search_content":"1","search_archived":"1"}', '', '', 0, '0000-00-00 00:00:00', 0, 0),
(420, 'plg_search_newsfeeds', 'plugin', 'newsfeeds', 'search', 0, 1, 1, 0, '{"name":"plg_search_newsfeeds","type":"plugin","creationDate":"November 2005","author":"Joomla! Project","copyright":"Copyright (C) 2005 - 2013 Open Source Matters. All rights reserved.","authorEmail":"admin@joomla.org","authorUrl":"www.joomla.org","version":"3.0.0","description":"PLG_SEARCH_NEWSFEEDS_XML_DESCRIPTION","group":""}', '{"search_limit":"50","search_content":"1","search_archived":"1"}', '', '', 0, '0000-00-00 00:00:00', 0, 0),
(421, 'plg_search_weblinks', 'plugin', 'weblinks', 'search', 0, 1, 1, 0, '{"name":"plg_search_weblinks","type":"plugin","creationDate":"November 2005","author":"Joomla! Project","copyright":"Copyright (C) 2005 - 2013 Open Source Matters. All rights reserved.","authorEmail":"admin@joomla.org","authorUrl":"www.joomla.org","version":"3.0.0","description":"PLG_SEARCH_WEBLINKS_XML_DESCRIPTION","group":""}', '{"search_limit":"50","search_content":"1","search_archived":"1"}', '', '', 0, '0000-00-00 00:00:00', 0, 0),
(422, 'plg_system_languagefilter', 'plugin', 'languagefilter', 'system', 0, 0, 1, 1, '{"name":"plg_system_languagefilter","type":"plugin","creationDate":"July 2010","author":"Joomla! Project","copyright":"Copyright (C) 2005 - 2013 Open Source Matters. All rights reserved.","authorEmail":"admin@joomla.org","authorUrl":"www.joomla.org","version":"3.0.0","description":"PLG_SYSTEM_LANGUAGEFILTER_XML_DESCRIPTION","group":""}', '', '', '', 0, '0000-00-00 00:00:00', 1, 0),
(423, 'plg_system_p3p', 'plugin', 'p3p', 'system', 0, 1, 1, 0, '{"name":"plg_system_p3p","type":"plugin","creationDate":"September 2010","author":"Joomla! Project","copyright":"Copyright (C) 2005 - 2013 Open Source Matters. All rights reserved.","authorEmail":"admin@joomla.org","authorUrl":"www.joomla.org","version":"3.0.0","description":"PLG_P3P_XML_DESCRIPTION","group":""}', '{"headers":"NOI ADM DEV PSAi COM NAV OUR OTRo STP IND DEM"}', '', '', 0, '0000-00-00 00:00:00', 2, 0),
(424, 'plg_system_cache', 'plugin', 'cache', 'system', 0, 0, 1, 1, '{"name":"plg_system_cache","type":"plugin","creationDate":"February 2007","author":"Joomla! Project","copyright":"Copyright (C) 2005 - 2013 Open Source Matters. All rights reserved.","authorEmail":"admin@joomla.org","authorUrl":"www.joomla.org","version":"3.0.0","description":"PLG_CACHE_XML_DESCRIPTION","group":""}', '{"browsercache":"0","cachetime":"15"}', '', '', 0, '0000-00-00 00:00:00', 9, 0),
(425, 'plg_system_debug', 'plugin', 'debug', 'system', 0, 1, 1, 0, '{"name":"plg_system_debug","type":"plugin","creationDate":"December 2006","author":"Joomla! Project","copyright":"Copyright (C) 2005 - 2013 Open Source Matters. All rights reserved.","authorEmail":"admin@joomla.org","authorUrl":"www.joomla.org","version":"3.0.0","description":"PLG_DEBUG_XML_DESCRIPTION","group":""}', '{"profile":"1","queries":"1","memory":"1","language_files":"1","language_strings":"1","strip-first":"1","strip-prefix":"","strip-suffix":""}', '', '', 0, '0000-00-00 00:00:00', 4, 0),
(426, 'plg_system_log', 'plugin', 'log', 'system', 0, 1, 1, 1, '{"name":"plg_system_log","type":"plugin","creationDate":"April 2007","author":"Joomla! Project","copyright":"Copyright (C) 2005 - 2013 Open Source Matters. All rights reserved.","authorEmail":"admin@joomla.org","authorUrl":"www.joomla.org","version":"3.0.0","description":"PLG_LOG_XML_DESCRIPTION","group":""}', '', '', '', 0, '0000-00-00 00:00:00', 5, 0),
(427, 'plg_system_redirect', 'plugin', 'redirect', 'system', 0, 0, 1, 1, '{"name":"plg_system_redirect","type":"plugin","creationDate":"April 2009","author":"Joomla! Project","copyright":"Copyright (C) 2005 - 2013 Open Source Matters. All rights reserved.","authorEmail":"admin@joomla.org","authorUrl":"www.joomla.org","version":"3.0.0","description":"PLG_REDIRECT_XML_DESCRIPTION","group":""}', '', '', '', 0, '0000-00-00 00:00:00', 6, 0),
(428, 'plg_system_remember', 'plugin', 'remember', 'system', 0, 1, 1, 1, '{"name":"plg_system_remember","type":"plugin","creationDate":"April 2007","author":"Joomla! Project","copyright":"Copyright (C) 2005 - 2013 Open Source Matters. All rights reserved.","authorEmail":"admin@joomla.org","authorUrl":"www.joomla.org","version":"3.0.0","description":"PLG_REMEMBER_XML_DESCRIPTION","group":""}', '', '', '', 0, '0000-00-00 00:00:00', 7, 0),
(429, 'plg_system_sef', 'plugin', 'sef', 'system', 0, 1, 1, 0, '{"name":"plg_system_sef","type":"plugin","creationDate":"December 2007","author":"Joomla! Project","copyright":"Copyright (C) 2005 - 2013 Open Source Matters. All rights reserved.","authorEmail":"admin@joomla.org","authorUrl":"www.joomla.org","version":"3.0.0","description":"PLG_SEF_XML_DESCRIPTION","group":""}', '', '', '', 0, '0000-00-00 00:00:00', 8, 0),
(430, 'plg_system_logout', 'plugin', 'logout', 'system', 0, 1, 1, 1, '{"name":"plg_system_logout","type":"plugin","creationDate":"April 2009","author":"Joomla! Project","copyright":"Copyright (C) 2005 - 2013 Open Source Matters. All rights reserved.","authorEmail":"admin@joomla.org","authorUrl":"www.joomla.org","version":"3.0.0","description":"PLG_SYSTEM_LOGOUT_XML_DESCRIPTION","group":""}', '', '', '', 0, '0000-00-00 00:00:00', 3, 0),
(431, 'plg_user_contactcreator', 'plugin', 'contactcreator', 'user', 0, 0, 1, 0, '{"name":"plg_user_contactcreator","type":"plugin","creationDate":"August 2009","author":"Joomla! Project","copyright":"(C) 2005 - 2013 Open Source Matters. All rights reserved.","authorEmail":"admin@joomla.org","authorUrl":"www.joomla.org","version":"3.0.0","description":"PLG_CONTACTCREATOR_XML_DESCRIPTION","group":""}', '{"autowebpage":"","category":"34","autopublish":"0"}', '', '', 0, '0000-00-00 00:00:00', 1, 0),
(432, 'plg_user_joomla', 'plugin', 'joomla', 'user', 0, 1, 1, 0, '{"name":"plg_user_joomla","type":"plugin","creationDate":"December 2006","author":"Joomla! Project","copyright":"(C) 2005 - 2009 Open Source Matters. All rights reserved.","authorEmail":"admin@joomla.org","authorUrl":"www.joomla.org","version":"3.0.0","description":"PLG_USER_JOOMLA_XML_DESCRIPTION","group":""}', '{"strong_passwords":"1","autoregister":"1"}', '', '', 0, '0000-00-00 00:00:00', 2, 0),
(433, 'plg_user_profile', 'plugin', 'profile', 'user', 0, 0, 1, 0, '{"name":"plg_user_profile","type":"plugin","creationDate":"January 2008","author":"Joomla! Project","copyright":"(C) 2005 - 2013 Open Source Matters. All rights reserved.","authorEmail":"admin@joomla.org","authorUrl":"www.joomla.org","version":"3.0.0","description":"PLG_USER_PROFILE_XML_DESCRIPTION","group":""}', '{"register-require_address1":"1","register-require_address2":"1","register-require_city":"1","register-require_region":"1","register-require_country":"1","register-require_postal_code":"1","register-require_phone":"1","register-require_website":"1","register-require_favoritebook":"1","register-require_aboutme":"1","register-require_tos":"1","register-require_dob":"1","profile-require_address1":"1","profile-require_address2":"1","profile-require_city":"1","profile-require_region":"1","profile-require_country":"1","profile-require_postal_code":"1","profile-require_phone":"1","profile-require_website":"1","profile-require_favoritebook":"1","profile-require_aboutme":"1","profile-require_tos":"1","profile-require_dob":"1"}', '', '', 0, '0000-00-00 00:00:00', 0, 0),
(434, 'plg_extension_joomla', 'plugin', 'joomla', 'extension', 0, 1, 1, 1, '{"name":"plg_extension_joomla","type":"plugin","creationDate":"May 2010","author":"Joomla! Project","copyright":"Copyright (C) 2005 - 2013 Open Source Matters. All rights reserved.","authorEmail":"admin@joomla.org","authorUrl":"www.joomla.org","version":"3.0.0","description":"PLG_EXTENSION_JOOMLA_XML_DESCRIPTION","group":""}', '', '', '', 0, '0000-00-00 00:00:00', 1, 0),
(435, 'plg_content_joomla', 'plugin', 'joomla', 'content', 0, 1, 1, 0, '{"name":"plg_content_joomla","type":"plugin","creationDate":"November 2010","author":"Joomla! Project","copyright":"Copyright (C) 2005 - 2013 Open Source Matters. All rights reserved.","authorEmail":"admin@joomla.org","authorUrl":"www.joomla.org","version":"3.0.0","description":"PLG_CONTENT_JOOMLA_XML_DESCRIPTION","group":""}', '', '', '', 0, '0000-00-00 00:00:00', 0, 0),
(436, 'plg_system_languagecode', 'plugin', 'languagecode', 'system', 0, 0, 1, 0, '{"name":"plg_system_languagecode","type":"plugin","creationDate":"November 2011","author":"Joomla! Project","copyright":"Copyright (C) 2005 - 2013 Open Source Matters. All rights reserved.","authorEmail":"admin@joomla.org","authorUrl":"www.joomla.org","version":"3.0.0","description":"PLG_SYSTEM_LANGUAGECODE_XML_DESCRIPTION","group":""}', '', '', '', 0, '0000-00-00 00:00:00', 10, 0),
(437, 'plg_quickicon_joomlaupdate', 'plugin', 'joomlaupdate', 'quickicon', 0, 1, 1, 1, '{"name":"plg_quickicon_joomlaupdate","type":"plugin","creationDate":"August 2011","author":"Joomla! Project","copyright":"Copyright (C) 2005 - 2013 Open Source Matters. All rights reserved.","authorEmail":"admin@joomla.org","authorUrl":"www.joomla.org","version":"3.0.0","description":"PLG_QUICKICON_JOOMLAUPDATE_XML_DESCRIPTION","group":""}', '', '', '', 0, '0000-00-00 00:00:00', 0, 0),
(438, 'plg_quickicon_extensionupdate', 'plugin', 'extensionupdate', 'quickicon', 0, 1, 1, 1, '{"name":"plg_quickicon_extensionupdate","type":"plugin","creationDate":"August 2011","author":"Joomla! Project","copyright":"Copyright (C) 2005 - 2013 Open Source Matters. All rights reserved.","authorEmail":"admin@joomla.org","authorUrl":"www.joomla.org","version":"3.0.0","description":"PLG_QUICKICON_EXTENSIONUPDATE_XML_DESCRIPTION","group":""}', '', '', '', 0, '0000-00-00 00:00:00', 0, 0),
(439, 'plg_captcha_recaptcha', 'plugin', 'recaptcha', 'captcha', 0, 0, 1, 0, '{"name":"plg_captcha_recaptcha","type":"plugin","creationDate":"December 2011","author":"Joomla! Project","copyright":"Copyright (C) 2005 - 2013 Open Source Matters. All rights reserved.","authorEmail":"admin@joomla.org","authorUrl":"www.joomla.org","version":"3.0.0","description":"PLG_CAPTCHA_RECAPTCHA_XML_DESCRIPTION","group":""}', '{"public_key":"","private_key":"","theme":"clean"}', '', '', 0, '0000-00-00 00:00:00', 0, 0),
(440, 'plg_system_highlight', 'plugin', 'highlight', 'system', 0, 1, 1, 0, '{"name":"plg_system_highlight","type":"plugin","creationDate":"August 2011","author":"Joomla! Project","copyright":"(C) 2005 - 2013 Open Source Matters. All rights reserved.","authorEmail":"admin@joomla.org","authorUrl":"www.joomla.org","version":"3.0.0","description":"PLG_SYSTEM_HIGHLIGHT_XML_DESCRIPTION","group":""}', '', '', '', 0, '0000-00-00 00:00:00', 7, 0),
(441, 'plg_content_finder', 'plugin', 'finder', 'content', 0, 0, 1, 0, '{"name":"plg_content_finder","type":"plugin","creationDate":"December 2011","author":"Joomla! Project","copyright":"Copyright (C) 2005 - 2013 Open Source Matters. All rights reserved.","authorEmail":"admin@joomla.org","authorUrl":"www.joomla.org","version":"3.0.0","description":"PLG_CONTENT_FINDER_XML_DESCRIPTION","group":""}', '', '', '', 0, '0000-00-00 00:00:00', 0, 0),
(442, 'plg_finder_categories', 'plugin', 'categories', 'finder', 0, 1, 1, 0, '{"name":"plg_finder_categories","type":"plugin","creationDate":"August 2011","author":"Joomla! Project","copyright":"(C) 2005 - 2013 Open Source Matters. All rights reserved.","authorEmail":"admin@joomla.org","authorUrl":"www.joomla.org","version":"3.0.0","description":"PLG_FINDER_CATEGORIES_XML_DESCRIPTION","group":""}', '', '', '', 0, '0000-00-00 00:00:00', 1, 0),
(443, 'plg_finder_contacts', 'plugin', 'contacts', 'finder', 0, 1, 1, 0, '{"name":"plg_finder_contacts","type":"plugin","creationDate":"August 2011","author":"Joomla! Project","copyright":"(C) 2005 - 2013 Open Source Matters. All rights reserved.","authorEmail":"admin@joomla.org","authorUrl":"www.joomla.org","version":"3.0.0","description":"PLG_FINDER_CONTACTS_XML_DESCRIPTION","group":""}', '', '', '', 0, '0000-00-00 00:00:00', 2, 0),
(444, 'plg_finder_content', 'plugin', 'content', 'finder', 0, 1, 1, 0, '{"name":"plg_finder_content","type":"plugin","creationDate":"August 2011","author":"Joomla! Project","copyright":"(C) 2005 - 2013 Open Source Matters. All rights reserved.","authorEmail":"admin@joomla.org","authorUrl":"www.joomla.org","version":"3.0.0","description":"PLG_FINDER_CONTENT_XML_DESCRIPTION","group":""}', '', '', '', 0, '0000-00-00 00:00:00', 3, 0),
(445, 'plg_finder_newsfeeds', 'plugin', 'newsfeeds', 'finder', 0, 1, 1, 0, '{"name":"plg_finder_newsfeeds","type":"plugin","creationDate":"August 2011","author":"Joomla! Project","copyright":"(C) 2005 - 2013 Open Source Matters. All rights reserved.","authorEmail":"admin@joomla.org","authorUrl":"www.joomla.org","version":"3.0.0","description":"PLG_FINDER_NEWSFEEDS_XML_DESCRIPTION","group":""}', '', '', '', 0, '0000-00-00 00:00:00', 4, 0),
(446, 'plg_finder_weblinks', 'plugin', 'weblinks', 'finder', 0, 1, 1, 0, '{"name":"plg_finder_weblinks","type":"plugin","creationDate":"August 2011","author":"Joomla! Project","copyright":"(C) 2005 - 2013 Open Source Matters. All rights reserved.","authorEmail":"admin@joomla.org","authorUrl":"www.joomla.org","version":"3.0.0","description":"PLG_FINDER_WEBLINKS_XML_DESCRIPTION","group":""}', '', '', '', 0, '0000-00-00 00:00:00', 5, 0),
(447, 'plg_finder_tags', 'plugin', 'tags', 'finder', 0, 1, 1, 0, '{"name":"plg_finder_tags","type":"plugin","creationDate":"February 2013","author":"Joomla! Project","copyright":"(C) 2005 - 2013 Open Source Matters. All rights reserved.","authorEmail":"admin@joomla.org","authorUrl":"www.joomla.org","version":"3.0.0","description":"PLG_FINDER_TAGS_XML_DESCRIPTION","group":""}', '', '', '', 0, '0000-00-00 00:00:00', 0, 0),
(448, 'plg_twofactorauth_totp', 'plugin', 'totp', 'twofactorauth', 0, 0, 1, 0, '{"name":"plg_twofactorauth_totp","type":"plugin","creationDate":"August 2013","author":"Joomla! Project","copyright":"Copyright (C) 2005 - 2013 Open Source Matters. All rights reserved.","authorEmail":"admin@joomla.org","authorUrl":"www.joomla.org","version":"3.2.0","description":"PLG_TWOFACTORAUTH_TOTP_XML_DESCRIPTION","group":""}', '', '', '', 0, '0000-00-00 00:00:00', 0, 0),
(449, 'plg_authentication_cookie', 'plugin', 'cookie', 'authentication', 0, 1, 1, 0, '{"name":"plg_authentication_cookie","type":"plugin","creationDate":"July 2013","author":"Joomla! Project","copyright":"Copyright (C) 2005 - 2013 Open Source Matters. All rights reserved.","authorEmail":"admin@joomla.org","authorUrl":"www.joomla.org","version":"3.0.0","description":"PLG_AUTH_COOKIE_XML_DESCRIPTION","group":""}', '', '', '', 0, '0000-00-00 00:00:00', 0, 0),
(450, 'plg_twofactorauth_yubikey', 'plugin', 'yubikey', 'twofactorauth', 0, 0, 1, 0, '{"name":"plg_twofactorauth_yubikey","type":"plugin","creationDate":"September 2013","author":"Joomla! Project","copyright":"Copyright (C) 2005 - 2013 Open Source Matters. All rights reserved.","authorEmail":"admin@joomla.org","authorUrl":"www.joomla.org","version":"3.2.0","description":"PLG_TWOFACTORAUTH_YUBIKEY_XML_DESCRIPTION","group":""}', '', '', '', 0, '0000-00-00 00:00:00', 0, 0),
(504, 'hathor', 'template', 'hathor', '', 1, 1, 1, 0, '{"name":"hathor","type":"template","creationDate":"May 2010","author":"Andrea Tarr","copyright":"Copyright (C) 2005 - 2013 Open Source Matters, Inc. All rights reserved.","authorEmail":"hathor@tarrconsulting.com","authorUrl":"http:\\/\\/www.tarrconsulting.com","version":"3.0.0","description":"TPL_HATHOR_XML_DESCRIPTION","group":""}', '{"showSiteName":"0","colourChoice":"0","boldText":"0"}', '', '', 0, '0000-00-00 00:00:00', 0, 0),
(507, 'isis', 'template', 'isis', '', 1, 1, 1, 0, '{"name":"isis","type":"template","creationDate":"3\\/30\\/2012","author":"Kyle Ledbetter","copyright":"Copyright (C) 2005 - 2013 Open Source Matters, Inc. All rights reserved.","authorEmail":"admin@joomla.org","authorUrl":"","version":"1.0","description":"TPL_ISIS_XML_DESCRIPTION","group":""}', '{"templateColor":"","logoFile":""}', '', '', 0, '0000-00-00 00:00:00', 0, 0),
(600, 'English (United Kingdom)', 'language', 'en-GB', '', 0, 1, 1, 1, '{"name":"English (United Kingdom)","type":"language","creationDate":"2013-03-07","author":"Joomla! Project","copyright":"Copyright (C) 2005 - 2013 Open Source Matters. All rights reserved.","authorEmail":"admin@joomla.org","authorUrl":"www.joomla.org","version":"3.2.1","description":"en-GB site language","group":""}', '', '', '', 0, '0000-00-00 00:00:00', 0, 0),
(601, 'English (United Kingdom)', 'language', 'en-GB', '', 1, 1, 1, 1, '{"name":"English (United Kingdom)","type":"language","creationDate":"2013-03-07","author":"Joomla! Project","copyright":"Copyright (C) 2005 - 2013 Open Source Matters. All rights reserved.","authorEmail":"admin@joomla.org","authorUrl":"www.joomla.org","version":"3.2.1","description":"en-GB administrator language","group":""}', '', '', '', 0, '0000-00-00 00:00:00', 0, 0),
(700, 'files_joomla', 'file', 'joomla', '', 0, 1, 1, 1, '{"name":"files_joomla","type":"file","creationDate":"December 2013","author":"Joomla! Project","copyright":"(C) 2005 - 2013 Open Source Matters. All rights reserved","authorEmail":"admin@joomla.org","authorUrl":"www.joomla.org","version":"3.2.1","description":"FILES_JOOMLA_XML_DESCRIPTION","group":""}', '', '', '', 0, '0000-00-00 00:00:00', 0, 0),
(10000, 'plg_installer_webinstaller', 'plugin', 'webinstaller', 'installer', 0, 1, 1, 0, '{"name":"plg_installer_webinstaller","type":"plugin","creationDate":"22 November 2013","author":"Joomla! Project","copyright":"Copyright (C) 2013 Open Source Matters. All rights reserved.","authorEmail":"admin@joomla.org","authorUrl":"www.joomla.org","version":"1.0.4","description":"PLG_INSTALLER_WEBINSTALLER_XML_DESCRIPTION","group":""}', '{"tab_position":"0"}', '', '', 0, '0000-00-00 00:00:00', 0, 0),
(10001, 'SpanishES', 'language', 'es-ES', '', 0, 1, 0, 0, '{"name":"Spanish (ES)","type":"language","creationDate":"2013-11-6","author":"Spanish Translation Team: Comunidad Joomla","copyright":"Copyright (C) 2005 - 2013 Open Source Matters and comunidadjoomla.org. All rights reserved.","authorEmail":"info@comunidadjoomla.org","authorUrl":"www.comunidadjoomla.org","version":"3.2.0.1","description":"Spanish language pack for Joomla! 3.2.0 - Site","group":""}', '{}', '', '', 0, '0000-00-00 00:00:00', 0, 0),
(10002, 'SpanishES', 'language', 'es-ES', '', 1, 1, 0, 0, '{"name":"Spanish (ES)","type":"language","creationDate":"2013-11-6","author":"Spanish Translation Team: Comunidad Joomla","copyright":"Copyright (C) 2005 - 2013 Open Source Matters and comunidadjoomla.org. All rights reserved.","authorEmail":"info@comunidadjoomla.org","authorUrl":"www.comunidadjoomla.org","version":"3.2.0.1","description":"Spanish language pack for Joomla! 3.2.0 - Administrator","group":""}', '{}', '', '', 0, '0000-00-00 00:00:00', 0, 0),
(10003, 'es-ES', 'package', 'pkg_es-ES', '', 0, 1, 1, 0, '{"name":"Spanish Language Pack","type":"package","creationDate":"6 de noviembre del 2013","author":"Spanish Translation Team: comunidadjoomla.org","copyright":"Copyright (C) 2005 - 2013 comunidadjoomla.org and Open Source Matters. All rights reserved.","authorEmail":"info@comunidadjoomla.org","authorUrl":"www.comunidadjoomla.org","version":"3.2.0.1","description":"\\n\\t\\t<div style=\\"text-align:left;\\">\\n\\t\\t<h2>Successfully installed the spanish language pack for Joomla! 3.2.0.<\\/h2>\\n\\t\\t<p><\\/p>\\n\\t\\t<p>Please report any bugs or issues at the Comunidad Joomla! <a href=\\"http:\\/\\/foro.comunidadjoomla.org\\/traduccion-ext\\/\\" target=\\"_blank\\">Translation forum<\\/a><\\/p>\\n\\t\\t<p><\\/p>\\n\\t\\t<p>Translated by: <a href=\\"http:\\/\\/www.comunidadjoomla.org\\" target=\\"_blank\\" title=\\"\\">The spanish translation team of Comunidad Joomla!<\\/a><\\/p>\\n\\t\\t<h2>El paquete en espa\\u00f1ol para Joomla! 3.2.0 se ha instalado correctamente.<\\/h2>\\n\\t\\t<p><\\/p>\\n\\t\\t<p>Por favor, reporte cualquier bug o asunto relacionado a nuestro <a href=\\"http:\\/\\/foro.comunidadjoomla.org\\/traduccion-ext\\/\\" target=\\"_blank\\">Foro de traducciones<\\/a><\\/p>\\n\\t\\t<p><\\/p>\\n\\t\\t<p>Traducci\\u00f3n: <a href=\\"http:\\/\\/www.comunidadjoomla.org\\" target=\\"_blank\\" title=\\"\\">El equipo de traducci\\u00f3n de Comunidad Joomla!<\\/a><\\/p>\\n\\t\\t<\\/div>\\n\\t\\t","group":""}', '{}', '', '', 0, '0000-00-00 00:00:00', 0, 0),
(10004, 'politicos', 'template', 'politicos', '', 0, 1, 1, 0, '{"name":"politicos","type":"template","creationDate":"18\\/12\\/2013","author":"nuevosmedios","copyright":"Copyright (C) 2013 Open Source Matters, Inc. Todos los derechos reservados.","authorEmail":"pablo.pantoja@nuevosmedios.ws","authorUrl":"","version":"1.0","description":"Template for Pol\\u00edticos (Partido de la U)","group":""}', '{}', '', '', 0, '0000-00-00 00:00:00', 0, 0),
(10005, 'plg_editors_jce', 'plugin', 'jce', 'editors', 0, 1, 1, 0, '{"name":"plg_editors_jce","type":"plugin","creationDate":"12 December 2013","author":"Ryan Demmer","copyright":"2006-2010 Ryan Demmer","authorEmail":"info@joomlacontenteditor.net","authorUrl":"http:\\/\\/www.joomlacontenteditor.net","version":"2.3.4.4","description":"WF_EDITOR_PLUGIN_DESC","group":""}', '{"verify_html":"0","schema":"html4","entity_encoding":"raw","keep_nbsp":"1","cleanup_pluginmode":"0","forced_root_block":"0","content_style_reset":"0","content_css":"1","content_css_custom":"","body_class":"","compress_javascript":"0","compress_css":"0","compress_gzip":"0","use_cookies":"1","custom_config":"","callback_file":""}', '', '', 0, '0000-00-00 00:00:00', 0, 0),
(10006, 'plg_quickicon_jcefilebrowser', 'plugin', 'jcefilebrowser', 'quickicon', 0, 1, 1, 0, '{"name":"plg_quickicon_jcefilebrowser","type":"plugin","creationDate":"12 December 2013","author":"Ryan Demmer","copyright":"Copyright (C) 2006 - 2013 Ryan Demmer. All rights reserved","authorEmail":"@@email@@","authorUrl":"www.joomalcontenteditor.net","version":"2.3.4.4","description":"PLG_QUICKICON_JCEFILEBROWSER_XML_DESCRIPTION","group":""}', '{}', '', '', 0, '0000-00-00 00:00:00', 0, 0),
(10007, 'jce', 'component', 'com_jce', '', 1, 1, 0, 0, '{"name":"JCE","type":"component","creationDate":"12 December 2013","author":"Ryan Demmer","copyright":"Copyright (C) 2006 - 2013 Ryan Demmer. All rights reserved","authorEmail":"info@joomlacontenteditor.net","authorUrl":"www.joomlacontenteditor.net","version":"2.3.4.4","description":"WF_ADMIN_DESC","group":""}', '{}', '', '', 0, '0000-00-00 00:00:00', 0, 0),
(10008, 'Joomla Options', 'plugin', 'joomla_options', 'system', 0, 1, 1, 0, '{"name":"Joomla Options","type":"plugin","creationDate":"Mart 2013","author":"Fedor Vlasenko","copyright":"Copyright (C) 2013 Fregate Studio.","authorEmail":"vlasenkofedor@mail.ru","authorUrl":"fregate.org.ua","version":"0.0.1","description":"\\u0421onfiguration, options in Joomla","group":""}', '{"disable_mootools":"0","disable_jquery":"0","disable_bootstrap":"1"}', '', '', 0, '0000-00-00 00:00:00', 0, 0);

-- --------------------------------------------------------

--
-- Estructura de tabla para la tabla `ziax6_finder_filters`
--

CREATE TABLE `ziax6_finder_filters` (
  `filter_id` int(10) unsigned NOT NULL AUTO_INCREMENT,
  `title` varchar(255) NOT NULL,
  `alias` varchar(255) NOT NULL,
  `state` tinyint(1) NOT NULL DEFAULT '1',
  `created` datetime NOT NULL DEFAULT '0000-00-00 00:00:00',
  `created_by` int(10) unsigned NOT NULL,
  `created_by_alias` varchar(255) NOT NULL,
  `modified` datetime NOT NULL DEFAULT '0000-00-00 00:00:00',
  `modified_by` int(10) unsigned NOT NULL DEFAULT '0',
  `checked_out` int(10) unsigned NOT NULL DEFAULT '0',
  `checked_out_time` datetime NOT NULL DEFAULT '0000-00-00 00:00:00',
  `map_count` int(10) unsigned NOT NULL DEFAULT '0',
  `data` text NOT NULL,
  `params` mediumtext,
  PRIMARY KEY (`filter_id`)
) ENGINE=InnoDB DEFAULT CHARSET=utf8 AUTO_INCREMENT=1 ;

-- --------------------------------------------------------

--
-- Estructura de tabla para la tabla `ziax6_finder_links`
--

CREATE TABLE `ziax6_finder_links` (
  `link_id` int(10) unsigned NOT NULL AUTO_INCREMENT,
  `url` varchar(255) NOT NULL,
  `route` varchar(255) NOT NULL,
  `title` varchar(255) DEFAULT NULL,
  `description` varchar(255) DEFAULT NULL,
  `indexdate` datetime NOT NULL DEFAULT '0000-00-00 00:00:00',
  `md5sum` varchar(32) DEFAULT NULL,
  `published` tinyint(1) NOT NULL DEFAULT '1',
  `state` int(5) DEFAULT '1',
  `access` int(5) DEFAULT '0',
  `language` varchar(8) NOT NULL,
  `publish_start_date` datetime NOT NULL DEFAULT '0000-00-00 00:00:00',
  `publish_end_date` datetime NOT NULL DEFAULT '0000-00-00 00:00:00',
  `start_date` datetime NOT NULL DEFAULT '0000-00-00 00:00:00',
  `end_date` datetime NOT NULL DEFAULT '0000-00-00 00:00:00',
  `list_price` double unsigned NOT NULL DEFAULT '0',
  `sale_price` double unsigned NOT NULL DEFAULT '0',
  `type_id` int(11) NOT NULL,
  `object` mediumblob NOT NULL,
  PRIMARY KEY (`link_id`),
  KEY `idx_type` (`type_id`),
  KEY `idx_title` (`title`),
  KEY `idx_md5` (`md5sum`),
  KEY `idx_url` (`url`(75)),
  KEY `idx_published_list` (`published`,`state`,`access`,`publish_start_date`,`publish_end_date`,`list_price`),
  KEY `idx_published_sale` (`published`,`state`,`access`,`publish_start_date`,`publish_end_date`,`sale_price`)
) ENGINE=InnoDB DEFAULT CHARSET=utf8 AUTO_INCREMENT=1 ;

-- --------------------------------------------------------

--
-- Estructura de tabla para la tabla `ziax6_finder_links_terms0`
--

CREATE TABLE `ziax6_finder_links_terms0` (
  `link_id` int(10) unsigned NOT NULL,
  `term_id` int(10) unsigned NOT NULL,
  `weight` float unsigned NOT NULL,
  PRIMARY KEY (`link_id`,`term_id`),
  KEY `idx_term_weight` (`term_id`,`weight`),
  KEY `idx_link_term_weight` (`link_id`,`term_id`,`weight`)
) ENGINE=InnoDB DEFAULT CHARSET=utf8;

-- --------------------------------------------------------

--
-- Estructura de tabla para la tabla `ziax6_finder_links_terms1`
--

CREATE TABLE `ziax6_finder_links_terms1` (
  `link_id` int(10) unsigned NOT NULL,
  `term_id` int(10) unsigned NOT NULL,
  `weight` float unsigned NOT NULL,
  PRIMARY KEY (`link_id`,`term_id`),
  KEY `idx_term_weight` (`term_id`,`weight`),
  KEY `idx_link_term_weight` (`link_id`,`term_id`,`weight`)
) ENGINE=InnoDB DEFAULT CHARSET=utf8;

-- --------------------------------------------------------

--
-- Estructura de tabla para la tabla `ziax6_finder_links_terms2`
--

CREATE TABLE `ziax6_finder_links_terms2` (
  `link_id` int(10) unsigned NOT NULL,
  `term_id` int(10) unsigned NOT NULL,
  `weight` float unsigned NOT NULL,
  PRIMARY KEY (`link_id`,`term_id`),
  KEY `idx_term_weight` (`term_id`,`weight`),
  KEY `idx_link_term_weight` (`link_id`,`term_id`,`weight`)
) ENGINE=InnoDB DEFAULT CHARSET=utf8;

-- --------------------------------------------------------

--
-- Estructura de tabla para la tabla `ziax6_finder_links_terms3`
--

CREATE TABLE `ziax6_finder_links_terms3` (
  `link_id` int(10) unsigned NOT NULL,
  `term_id` int(10) unsigned NOT NULL,
  `weight` float unsigned NOT NULL,
  PRIMARY KEY (`link_id`,`term_id`),
  KEY `idx_term_weight` (`term_id`,`weight`),
  KEY `idx_link_term_weight` (`link_id`,`term_id`,`weight`)
) ENGINE=InnoDB DEFAULT CHARSET=utf8;

-- --------------------------------------------------------

--
-- Estructura de tabla para la tabla `ziax6_finder_links_terms4`
--

CREATE TABLE `ziax6_finder_links_terms4` (
  `link_id` int(10) unsigned NOT NULL,
  `term_id` int(10) unsigned NOT NULL,
  `weight` float unsigned NOT NULL,
  PRIMARY KEY (`link_id`,`term_id`),
  KEY `idx_term_weight` (`term_id`,`weight`),
  KEY `idx_link_term_weight` (`link_id`,`term_id`,`weight`)
) ENGINE=InnoDB DEFAULT CHARSET=utf8;

-- --------------------------------------------------------

--
-- Estructura de tabla para la tabla `ziax6_finder_links_terms5`
--

CREATE TABLE `ziax6_finder_links_terms5` (
  `link_id` int(10) unsigned NOT NULL,
  `term_id` int(10) unsigned NOT NULL,
  `weight` float unsigned NOT NULL,
  PRIMARY KEY (`link_id`,`term_id`),
  KEY `idx_term_weight` (`term_id`,`weight`),
  KEY `idx_link_term_weight` (`link_id`,`term_id`,`weight`)
) ENGINE=InnoDB DEFAULT CHARSET=utf8;

-- --------------------------------------------------------

--
-- Estructura de tabla para la tabla `ziax6_finder_links_terms6`
--

CREATE TABLE `ziax6_finder_links_terms6` (
  `link_id` int(10) unsigned NOT NULL,
  `term_id` int(10) unsigned NOT NULL,
  `weight` float unsigned NOT NULL,
  PRIMARY KEY (`link_id`,`term_id`),
  KEY `idx_term_weight` (`term_id`,`weight`),
  KEY `idx_link_term_weight` (`link_id`,`term_id`,`weight`)
) ENGINE=InnoDB DEFAULT CHARSET=utf8;

-- --------------------------------------------------------

--
-- Estructura de tabla para la tabla `ziax6_finder_links_terms7`
--

CREATE TABLE `ziax6_finder_links_terms7` (
  `link_id` int(10) unsigned NOT NULL,
  `term_id` int(10) unsigned NOT NULL,
  `weight` float unsigned NOT NULL,
  PRIMARY KEY (`link_id`,`term_id`),
  KEY `idx_term_weight` (`term_id`,`weight`),
  KEY `idx_link_term_weight` (`link_id`,`term_id`,`weight`)
) ENGINE=InnoDB DEFAULT CHARSET=utf8;

-- --------------------------------------------------------

--
-- Estructura de tabla para la tabla `ziax6_finder_links_terms8`
--

CREATE TABLE `ziax6_finder_links_terms8` (
  `link_id` int(10) unsigned NOT NULL,
  `term_id` int(10) unsigned NOT NULL,
  `weight` float unsigned NOT NULL,
  PRIMARY KEY (`link_id`,`term_id`),
  KEY `idx_term_weight` (`term_id`,`weight`),
  KEY `idx_link_term_weight` (`link_id`,`term_id`,`weight`)
) ENGINE=InnoDB DEFAULT CHARSET=utf8;

-- --------------------------------------------------------

--
-- Estructura de tabla para la tabla `ziax6_finder_links_terms9`
--

CREATE TABLE `ziax6_finder_links_terms9` (
  `link_id` int(10) unsigned NOT NULL,
  `term_id` int(10) unsigned NOT NULL,
  `weight` float unsigned NOT NULL,
  PRIMARY KEY (`link_id`,`term_id`),
  KEY `idx_term_weight` (`term_id`,`weight`),
  KEY `idx_link_term_weight` (`link_id`,`term_id`,`weight`)
) ENGINE=InnoDB DEFAULT CHARSET=utf8;

-- --------------------------------------------------------

--
-- Estructura de tabla para la tabla `ziax6_finder_links_termsa`
--

CREATE TABLE `ziax6_finder_links_termsa` (
  `link_id` int(10) unsigned NOT NULL,
  `term_id` int(10) unsigned NOT NULL,
  `weight` float unsigned NOT NULL,
  PRIMARY KEY (`link_id`,`term_id`),
  KEY `idx_term_weight` (`term_id`,`weight`),
  KEY `idx_link_term_weight` (`link_id`,`term_id`,`weight`)
) ENGINE=InnoDB DEFAULT CHARSET=utf8;

-- --------------------------------------------------------

--
-- Estructura de tabla para la tabla `ziax6_finder_links_termsb`
--

CREATE TABLE `ziax6_finder_links_termsb` (
  `link_id` int(10) unsigned NOT NULL,
  `term_id` int(10) unsigned NOT NULL,
  `weight` float unsigned NOT NULL,
  PRIMARY KEY (`link_id`,`term_id`),
  KEY `idx_term_weight` (`term_id`,`weight`),
  KEY `idx_link_term_weight` (`link_id`,`term_id`,`weight`)
) ENGINE=InnoDB DEFAULT CHARSET=utf8;

-- --------------------------------------------------------

--
-- Estructura de tabla para la tabla `ziax6_finder_links_termsc`
--

CREATE TABLE `ziax6_finder_links_termsc` (
  `link_id` int(10) unsigned NOT NULL,
  `term_id` int(10) unsigned NOT NULL,
  `weight` float unsigned NOT NULL,
  PRIMARY KEY (`link_id`,`term_id`),
  KEY `idx_term_weight` (`term_id`,`weight`),
  KEY `idx_link_term_weight` (`link_id`,`term_id`,`weight`)
) ENGINE=InnoDB DEFAULT CHARSET=utf8;

-- --------------------------------------------------------

--
-- Estructura de tabla para la tabla `ziax6_finder_links_termsd`
--

CREATE TABLE `ziax6_finder_links_termsd` (
  `link_id` int(10) unsigned NOT NULL,
  `term_id` int(10) unsigned NOT NULL,
  `weight` float unsigned NOT NULL,
  PRIMARY KEY (`link_id`,`term_id`),
  KEY `idx_term_weight` (`term_id`,`weight`),
  KEY `idx_link_term_weight` (`link_id`,`term_id`,`weight`)
) ENGINE=InnoDB DEFAULT CHARSET=utf8;

-- --------------------------------------------------------

--
-- Estructura de tabla para la tabla `ziax6_finder_links_termse`
--

CREATE TABLE `ziax6_finder_links_termse` (
  `link_id` int(10) unsigned NOT NULL,
  `term_id` int(10) unsigned NOT NULL,
  `weight` float unsigned NOT NULL,
  PRIMARY KEY (`link_id`,`term_id`),
  KEY `idx_term_weight` (`term_id`,`weight`),
  KEY `idx_link_term_weight` (`link_id`,`term_id`,`weight`)
) ENGINE=InnoDB DEFAULT CHARSET=utf8;

-- --------------------------------------------------------

--
-- Estructura de tabla para la tabla `ziax6_finder_links_termsf`
--

CREATE TABLE `ziax6_finder_links_termsf` (
  `link_id` int(10) unsigned NOT NULL,
  `term_id` int(10) unsigned NOT NULL,
  `weight` float unsigned NOT NULL,
  PRIMARY KEY (`link_id`,`term_id`),
  KEY `idx_term_weight` (`term_id`,`weight`),
  KEY `idx_link_term_weight` (`link_id`,`term_id`,`weight`)
) ENGINE=InnoDB DEFAULT CHARSET=utf8;

-- --------------------------------------------------------

--
-- Estructura de tabla para la tabla `ziax6_finder_taxonomy`
--

CREATE TABLE `ziax6_finder_taxonomy` (
  `id` int(10) unsigned NOT NULL AUTO_INCREMENT,
  `parent_id` int(10) unsigned NOT NULL DEFAULT '0',
  `title` varchar(255) NOT NULL,
  `state` tinyint(1) unsigned NOT NULL DEFAULT '1',
  `access` tinyint(1) unsigned NOT NULL DEFAULT '0',
  `ordering` tinyint(1) unsigned NOT NULL DEFAULT '0',
  PRIMARY KEY (`id`),
  KEY `parent_id` (`parent_id`),
  KEY `state` (`state`),
  KEY `ordering` (`ordering`),
  KEY `access` (`access`),
  KEY `idx_parent_published` (`parent_id`,`state`,`access`)
) ENGINE=InnoDB  DEFAULT CHARSET=utf8 AUTO_INCREMENT=2 ;

--
-- Volcado de datos para la tabla `ziax6_finder_taxonomy`
--

INSERT INTO `ziax6_finder_taxonomy` (`id`, `parent_id`, `title`, `state`, `access`, `ordering`) VALUES
(1, 0, 'ROOT', 0, 0, 0);

-- --------------------------------------------------------

--
-- Estructura de tabla para la tabla `ziax6_finder_taxonomy_map`
--

CREATE TABLE `ziax6_finder_taxonomy_map` (
  `link_id` int(10) unsigned NOT NULL,
  `node_id` int(10) unsigned NOT NULL,
  PRIMARY KEY (`link_id`,`node_id`),
  KEY `link_id` (`link_id`),
  KEY `node_id` (`node_id`)
) ENGINE=InnoDB DEFAULT CHARSET=utf8;

-- --------------------------------------------------------

--
-- Estructura de tabla para la tabla `ziax6_finder_terms`
--

CREATE TABLE `ziax6_finder_terms` (
  `term_id` int(10) unsigned NOT NULL AUTO_INCREMENT,
  `term` varchar(75) NOT NULL,
  `stem` varchar(75) NOT NULL,
  `common` tinyint(1) unsigned NOT NULL DEFAULT '0',
  `phrase` tinyint(1) unsigned NOT NULL DEFAULT '0',
  `weight` float unsigned NOT NULL DEFAULT '0',
  `soundex` varchar(75) NOT NULL,
  `links` int(10) NOT NULL DEFAULT '0',
  `language` char(3) NOT NULL DEFAULT '',
  PRIMARY KEY (`term_id`),
  UNIQUE KEY `idx_term` (`term`),
  KEY `idx_term_phrase` (`term`,`phrase`),
  KEY `idx_stem_phrase` (`stem`,`phrase`),
  KEY `idx_soundex_phrase` (`soundex`,`phrase`)
) ENGINE=InnoDB DEFAULT CHARSET=utf8 AUTO_INCREMENT=1 ;

-- --------------------------------------------------------

--
-- Estructura de tabla para la tabla `ziax6_finder_terms_common`
--

CREATE TABLE `ziax6_finder_terms_common` (
  `term` varchar(75) NOT NULL,
  `language` varchar(3) NOT NULL,
  KEY `idx_word_lang` (`term`,`language`),
  KEY `idx_lang` (`language`)
) ENGINE=InnoDB DEFAULT CHARSET=utf8;

--
-- Volcado de datos para la tabla `ziax6_finder_terms_common`
--

INSERT INTO `ziax6_finder_terms_common` (`term`, `language`) VALUES
('a', 'en'),
('about', 'en'),
('after', 'en'),
('ago', 'en'),
('all', 'en'),
('am', 'en'),
('an', 'en'),
('and', 'en'),
('ani', 'en'),
('any', 'en'),
('are', 'en'),
('aren''t', 'en'),
('as', 'en'),
('at', 'en'),
('be', 'en'),
('but', 'en'),
('by', 'en'),
('for', 'en'),
('from', 'en'),
('get', 'en'),
('go', 'en'),
('how', 'en'),
('if', 'en'),
('in', 'en'),
('into', 'en'),
('is', 'en'),
('isn''t', 'en'),
('it', 'en'),
('its', 'en'),
('me', 'en'),
('more', 'en'),
('most', 'en'),
('must', 'en'),
('my', 'en'),
('new', 'en'),
('no', 'en'),
('none', 'en'),
('not', 'en'),
('noth', 'en'),
('nothing', 'en'),
('of', 'en'),
('off', 'en'),
('often', 'en'),
('old', 'en'),
('on', 'en'),
('onc', 'en'),
('once', 'en'),
('onli', 'en'),
('only', 'en'),
('or', 'en'),
('other', 'en'),
('our', 'en'),
('ours', 'en'),
('out', 'en'),
('over', 'en'),
('page', 'en'),
('she', 'en'),
('should', 'en'),
('small', 'en'),
('so', 'en'),
('some', 'en'),
('than', 'en'),
('thank', 'en'),
('that', 'en'),
('the', 'en'),
('their', 'en'),
('theirs', 'en'),
('them', 'en'),
('then', 'en'),
('there', 'en'),
('these', 'en'),
('they', 'en'),
('this', 'en'),
('those', 'en'),
('thus', 'en'),
('time', 'en'),
('times', 'en'),
('to', 'en'),
('too', 'en'),
('true', 'en'),
('under', 'en'),
('until', 'en'),
('up', 'en'),
('upon', 'en'),
('use', 'en'),
('user', 'en'),
('users', 'en'),
('veri', 'en'),
('version', 'en'),
('very', 'en'),
('via', 'en'),
('want', 'en'),
('was', 'en'),
('way', 'en'),
('were', 'en'),
('what', 'en'),
('when', 'en'),
('where', 'en'),
('whi', 'en'),
('which', 'en'),
('who', 'en'),
('whom', 'en'),
('whose', 'en'),
('why', 'en'),
('wide', 'en'),
('will', 'en'),
('with', 'en'),
('within', 'en'),
('without', 'en'),
('would', 'en'),
('yes', 'en'),
('yet', 'en'),
('you', 'en'),
('your', 'en'),
('yours', 'en');

-- --------------------------------------------------------

--
-- Estructura de tabla para la tabla `ziax6_finder_tokens`
--

CREATE TABLE `ziax6_finder_tokens` (
  `term` varchar(75) NOT NULL,
  `stem` varchar(75) NOT NULL,
  `common` tinyint(1) unsigned NOT NULL DEFAULT '0',
  `phrase` tinyint(1) unsigned NOT NULL DEFAULT '0',
  `weight` float unsigned NOT NULL DEFAULT '1',
  `context` tinyint(1) unsigned NOT NULL DEFAULT '2',
  `language` char(3) NOT NULL DEFAULT '',
  KEY `idx_word` (`term`),
  KEY `idx_context` (`context`)
) ENGINE=MEMORY DEFAULT CHARSET=utf8;

-- --------------------------------------------------------

--
-- Estructura de tabla para la tabla `ziax6_finder_tokens_aggregate`
--

CREATE TABLE `ziax6_finder_tokens_aggregate` (
  `term_id` int(10) unsigned NOT NULL,
  `map_suffix` char(1) NOT NULL,
  `term` varchar(75) NOT NULL,
  `stem` varchar(75) NOT NULL,
  `common` tinyint(1) unsigned NOT NULL DEFAULT '0',
  `phrase` tinyint(1) unsigned NOT NULL DEFAULT '0',
  `term_weight` float unsigned NOT NULL,
  `context` tinyint(1) unsigned NOT NULL DEFAULT '2',
  `context_weight` float unsigned NOT NULL,
  `total_weight` float unsigned NOT NULL,
  `language` char(3) NOT NULL DEFAULT '',
  KEY `token` (`term`),
  KEY `keyword_id` (`term_id`)
) ENGINE=MEMORY DEFAULT CHARSET=utf8;

-- --------------------------------------------------------

--
-- Estructura de tabla para la tabla `ziax6_finder_types`
--

CREATE TABLE `ziax6_finder_types` (
  `id` int(10) unsigned NOT NULL AUTO_INCREMENT,
  `title` varchar(100) NOT NULL,
  `mime` varchar(100) NOT NULL,
  PRIMARY KEY (`id`),
  UNIQUE KEY `title` (`title`)
) ENGINE=InnoDB DEFAULT CHARSET=utf8 AUTO_INCREMENT=1 ;

-- --------------------------------------------------------

--
-- Estructura de tabla para la tabla `ziax6_languages`
--

CREATE TABLE `ziax6_languages` (
  `lang_id` int(11) unsigned NOT NULL AUTO_INCREMENT,
  `lang_code` char(7) NOT NULL,
  `title` varchar(50) NOT NULL,
  `title_native` varchar(50) NOT NULL,
  `sef` varchar(50) NOT NULL,
  `image` varchar(50) NOT NULL,
  `description` varchar(512) NOT NULL,
  `metakey` text NOT NULL,
  `metadesc` text NOT NULL,
  `sitename` varchar(1024) NOT NULL DEFAULT '',
  `published` int(11) NOT NULL DEFAULT '0',
  `access` int(10) unsigned NOT NULL DEFAULT '0',
  `ordering` int(11) NOT NULL DEFAULT '0',
  PRIMARY KEY (`lang_id`),
  UNIQUE KEY `idx_sef` (`sef`),
  UNIQUE KEY `idx_image` (`image`),
  UNIQUE KEY `idx_langcode` (`lang_code`),
  KEY `idx_access` (`access`),
  KEY `idx_ordering` (`ordering`)
) ENGINE=InnoDB  DEFAULT CHARSET=utf8 AUTO_INCREMENT=2 ;

--
-- Volcado de datos para la tabla `ziax6_languages`
--

INSERT INTO `ziax6_languages` (`lang_id`, `lang_code`, `title`, `title_native`, `sef`, `image`, `description`, `metakey`, `metadesc`, `sitename`, `published`, `access`, `ordering`) VALUES
(1, 'en-GB', 'English (UK)', 'English (UK)', 'en', 'en', '', '', '', '', 1, 0, 1);

-- --------------------------------------------------------

--
-- Estructura de tabla para la tabla `ziax6_menu`
--

CREATE TABLE `ziax6_menu` (
  `id` int(11) NOT NULL AUTO_INCREMENT,
  `menutype` varchar(24) NOT NULL COMMENT 'The type of menu this item belongs to. FK to #__menu_types.menutype',
  `title` varchar(255) NOT NULL COMMENT 'The display title of the menu item.',
  `alias` varchar(255) CHARACTER SET utf8 COLLATE utf8_bin NOT NULL COMMENT 'The SEF alias of the menu item.',
  `note` varchar(255) NOT NULL DEFAULT '',
  `path` varchar(1024) NOT NULL COMMENT 'The computed path of the menu item based on the alias field.',
  `link` varchar(1024) NOT NULL COMMENT 'The actually link the menu item refers to.',
  `type` varchar(16) NOT NULL COMMENT 'The type of link: Component, URL, Alias, Separator',
  `published` tinyint(4) NOT NULL DEFAULT '0' COMMENT 'The published state of the menu link.',
  `parent_id` int(10) unsigned NOT NULL DEFAULT '1' COMMENT 'The parent menu item in the menu tree.',
  `level` int(10) unsigned NOT NULL DEFAULT '0' COMMENT 'The relative level in the tree.',
  `component_id` int(10) unsigned NOT NULL DEFAULT '0' COMMENT 'FK to #__extensions.id',
  `checked_out` int(10) unsigned NOT NULL DEFAULT '0' COMMENT 'FK to #__users.id',
  `checked_out_time` timestamp NOT NULL DEFAULT '0000-00-00 00:00:00' COMMENT 'The time the menu item was checked out.',
  `browserNav` tinyint(4) NOT NULL DEFAULT '0' COMMENT 'The click behaviour of the link.',
  `access` int(10) unsigned NOT NULL DEFAULT '0' COMMENT 'The access level required to view the menu item.',
  `img` varchar(255) NOT NULL COMMENT 'The image of the menu item.',
  `template_style_id` int(10) unsigned NOT NULL DEFAULT '0',
  `params` text NOT NULL COMMENT 'JSON encoded data for the menu item.',
  `lft` int(11) NOT NULL DEFAULT '0' COMMENT 'Nested set lft.',
  `rgt` int(11) NOT NULL DEFAULT '0' COMMENT 'Nested set rgt.',
  `home` tinyint(3) unsigned NOT NULL DEFAULT '0' COMMENT 'Indicates if this menu item is the home or default page.',
  `language` char(7) NOT NULL DEFAULT '',
  `client_id` tinyint(4) NOT NULL DEFAULT '0',
  PRIMARY KEY (`id`),
  UNIQUE KEY `idx_client_id_parent_id_alias_language` (`client_id`,`parent_id`,`alias`,`language`),
  KEY `idx_componentid` (`component_id`,`menutype`,`published`,`access`),
  KEY `idx_menutype` (`menutype`),
  KEY `idx_left_right` (`lft`,`rgt`),
  KEY `idx_alias` (`alias`),
  KEY `idx_path` (`path`(255)),
  KEY `idx_language` (`language`)
) ENGINE=InnoDB  DEFAULT CHARSET=utf8 AUTO_INCREMENT=112 ;

--
-- Volcado de datos para la tabla `ziax6_menu`
--

INSERT INTO `ziax6_menu` (`id`, `menutype`, `title`, `alias`, `note`, `path`, `link`, `type`, `published`, `parent_id`, `level`, `component_id`, `checked_out`, `checked_out_time`, `browserNav`, `access`, `img`, `template_style_id`, `params`, `lft`, `rgt`, `home`, `language`, `client_id`) VALUES
(1, '', 'Menu_Item_Root', 'root', '', '', '', '', 1, 0, 0, 0, 0, '0000-00-00 00:00:00', 0, 0, '', 0, '', 0, 69, 0, '*', 0),
(2, 'menu', 'com_banners', 'Banners', '', 'Banners', 'index.php?option=com_banners', 'component', 0, 1, 1, 4, 0, '0000-00-00 00:00:00', 0, 0, 'class:banners', 0, '', 1, 10, 0, '*', 1),
(3, 'menu', 'com_banners', 'Banners', '', 'Banners/Banners', 'index.php?option=com_banners', 'component', 0, 2, 2, 4, 0, '0000-00-00 00:00:00', 0, 0, 'class:banners', 0, '', 2, 3, 0, '*', 1),
(4, 'menu', 'com_banners_categories', 'Categories', '', 'Banners/Categories', 'index.php?option=com_categories&extension=com_banners', 'component', 0, 2, 2, 6, 0, '0000-00-00 00:00:00', 0, 0, 'class:banners-cat', 0, '', 4, 5, 0, '*', 1),
(5, 'menu', 'com_banners_clients', 'Clients', '', 'Banners/Clients', 'index.php?option=com_banners&view=clients', 'component', 0, 2, 2, 4, 0, '0000-00-00 00:00:00', 0, 0, 'class:banners-clients', 0, '', 6, 7, 0, '*', 1),
(6, 'menu', 'com_banners_tracks', 'Tracks', '', 'Banners/Tracks', 'index.php?option=com_banners&view=tracks', 'component', 0, 2, 2, 4, 0, '0000-00-00 00:00:00', 0, 0, 'class:banners-tracks', 0, '', 8, 9, 0, '*', 1),
(7, 'menu', 'com_contact', 'Contacts', '', 'Contacts', 'index.php?option=com_contact', 'component', 0, 1, 1, 8, 0, '0000-00-00 00:00:00', 0, 0, 'class:contact', 0, '', 11, 16, 0, '*', 1),
(8, 'menu', 'com_contact', 'Contacts', '', 'Contacts/Contacts', 'index.php?option=com_contact', 'component', 0, 7, 2, 8, 0, '0000-00-00 00:00:00', 0, 0, 'class:contact', 0, '', 12, 13, 0, '*', 1),
(9, 'menu', 'com_contact_categories', 'Categories', '', 'Contacts/Categories', 'index.php?option=com_categories&extension=com_contact', 'component', 0, 7, 2, 6, 0, '0000-00-00 00:00:00', 0, 0, 'class:contact-cat', 0, '', 14, 15, 0, '*', 1),
(10, 'menu', 'com_messages', 'Messaging', '', 'Messaging', 'index.php?option=com_messages', 'component', 0, 1, 1, 15, 0, '0000-00-00 00:00:00', 0, 0, 'class:messages', 0, '', 17, 22, 0, '*', 1),
(11, 'menu', 'com_messages_add', 'New Private Message', '', 'Messaging/New Private Message', 'index.php?option=com_messages&task=message.add', 'component', 0, 10, 2, 15, 0, '0000-00-00 00:00:00', 0, 0, 'class:messages-add', 0, '', 18, 19, 0, '*', 1),
(12, 'menu', 'com_messages_read', 'Read Private Message', '', 'Messaging/Read Private Message', 'index.php?option=com_messages', 'component', 0, 10, 2, 15, 0, '0000-00-00 00:00:00', 0, 0, 'class:messages-read', 0, '', 20, 21, 0, '*', 1),
(13, 'menu', 'com_newsfeeds', 'News Feeds', '', 'News Feeds', 'index.php?option=com_newsfeeds', 'component', 0, 1, 1, 17, 0, '0000-00-00 00:00:00', 0, 0, 'class:newsfeeds', 0, '', 23, 28, 0, '*', 1),
(14, 'menu', 'com_newsfeeds_feeds', 'Feeds', '', 'News Feeds/Feeds', 'index.php?option=com_newsfeeds', 'component', 0, 13, 2, 17, 0, '0000-00-00 00:00:00', 0, 0, 'class:newsfeeds', 0, '', 24, 25, 0, '*', 1),
(15, 'menu', 'com_newsfeeds_categories', 'Categories', '', 'News Feeds/Categories', 'index.php?option=com_categories&extension=com_newsfeeds', 'component', 0, 13, 2, 6, 0, '0000-00-00 00:00:00', 0, 0, 'class:newsfeeds-cat', 0, '', 26, 27, 0, '*', 1),
(16, 'menu', 'com_redirect', 'Redirect', '', 'Redirect', 'index.php?option=com_redirect', 'component', 0, 1, 1, 24, 0, '0000-00-00 00:00:00', 0, 0, 'class:redirect', 0, '', 29, 30, 0, '*', 1),
(17, 'menu', 'com_search', 'Basic Search', '', 'Basic Search', 'index.php?option=com_search', 'component', 0, 1, 1, 19, 0, '0000-00-00 00:00:00', 0, 0, 'class:search', 0, '', 31, 32, 0, '*', 1),
(18, 'menu', 'com_weblinks', 'Weblinks', '', 'Weblinks', 'index.php?option=com_weblinks', 'component', 0, 1, 1, 21, 0, '0000-00-00 00:00:00', 0, 0, 'class:weblinks', 0, '', 33, 38, 0, '*', 1),
(19, 'menu', 'com_weblinks_links', 'Links', '', 'Weblinks/Links', 'index.php?option=com_weblinks', 'component', 0, 18, 2, 21, 0, '0000-00-00 00:00:00', 0, 0, 'class:weblinks', 0, '', 34, 35, 0, '*', 1),
(20, 'menu', 'com_weblinks_categories', 'Categories', '', 'Weblinks/Categories', 'index.php?option=com_categories&extension=com_weblinks', 'component', 0, 18, 2, 6, 0, '0000-00-00 00:00:00', 0, 0, 'class:weblinks-cat', 0, '', 36, 37, 0, '*', 1),
(21, 'menu', 'com_finder', 'Smart Search', '', 'Smart Search', 'index.php?option=com_finder', 'component', 0, 1, 1, 27, 0, '0000-00-00 00:00:00', 0, 0, 'class:finder', 0, '', 39, 40, 0, '*', 1),
(22, 'menu', 'com_joomlaupdate', 'Joomla! Update', '', 'Joomla! Update', 'index.php?option=com_joomlaupdate', 'component', 1, 1, 1, 32, 0, '0000-00-00 00:00:00', 0, 0, 'class:joomlaupdate', 0, '', 41, 42, 0, '*', 1),
(23, 'main', 'com_tags', 'Tags', '', 'Tags', 'index.php?option=com_tags', 'component', 0, 1, 1, 29, 0, '0000-00-00 00:00:00', 0, 1, 'class:tags', 0, '', 43, 44, 0, '', 1),
(24, 'main', 'com_postinstall', 'Post-installation messages', '', 'Post-installation messages', 'index.php?option=com_postinstall', 'component', 0, 1, 1, 32, 0, '0000-00-00 00:00:00', 0, 1, 'class:postinstall', 0, '', 45, 46, 0, '*', 1),
(101, 'mainmenu', 'Noticias', 'noticias', '', 'noticias', 'index.php?option=com_content&view=featured', 'component', 1, 1, 1, 22, 0, '0000-00-00 00:00:00', 0, 1, '', 0, '{"featured_categories":["9"],"layout_type":"blog","num_leading_articles":"1","num_intro_articles":"1","num_columns":"1","num_links":"0","multi_column_order":"1","orderby_pri":"","orderby_sec":"front","order_date":"","show_pagination":"2","show_pagination_results":"1","show_title":"0","link_titles":"","show_intro":"0","info_block_position":"","show_category":"0","link_category":"0","show_parent_category":"0","link_parent_category":"0","show_author":"0","link_author":"0","show_create_date":"0","show_modify_date":"0","show_publish_date":"0","show_item_navigation":"0","show_vote":"0","show_readmore":"1","show_readmore_title":"","show_icons":"0","show_print_icon":"0","show_email_icon":"0","show_hits":"0","show_noauth":"","show_feed_link":"1","feed_summary":"","menu-anchor_title":"","menu-anchor_css":"","menu_image":"","menu_text":1,"page_title":"","show_page_heading":1,"page_heading":"","pageclass_sfx":"","menu-meta_description":"","menu-meta_keywords":"","robots":"","secure":0}', 47, 48, 1, '*', 0),
(102, 'main', 'JCE', 'jce', '', 'jce', 'index.php?option=com_jce', 'component', 0, 1, 1, 10007, 0, '0000-00-00 00:00:00', 0, 1, 'components/com_jce/media/img/menu/logo.png', 0, '', 49, 58, 0, '', 1),
(103, 'main', 'WF_MENU_CPANEL', 'wf-menu-cpanel', '', 'jce/wf-menu-cpanel', 'index.php?option=com_jce', 'component', 0, 102, 2, 10007, 0, '0000-00-00 00:00:00', 0, 1, 'components/com_jce/media/img/menu/jce-cpanel.png', 0, '', 50, 51, 0, '', 1),
(104, 'main', 'WF_MENU_CONFIG', 'wf-menu-config', '', 'jce/wf-menu-config', 'index.php?option=com_jce&view=config', 'component', 0, 102, 2, 10007, 0, '0000-00-00 00:00:00', 0, 1, 'components/com_jce/media/img/menu/jce-config.png', 0, '', 52, 53, 0, '', 1),
(105, 'main', 'WF_MENU_PROFILES', 'wf-menu-profiles', '', 'jce/wf-menu-profiles', 'index.php?option=com_jce&view=profiles', 'component', 0, 102, 2, 10007, 0, '0000-00-00 00:00:00', 0, 1, 'components/com_jce/media/img/menu/jce-profiles.png', 0, '', 54, 55, 0, '', 1),
(106, 'main', 'WF_MENU_INSTALL', 'wf-menu-install', '', 'jce/wf-menu-install', 'index.php?option=com_jce&view=installer', 'component', 0, 102, 2, 10007, 0, '0000-00-00 00:00:00', 0, 1, 'components/com_jce/media/img/menu/jce-install.png', 0, '', 56, 57, 0, '', 1),
(107, 'candidato', 'Perfil de Jorge Eliécer', 'perfil-de-jorge-eliecer', '', 'perfil-de-jorge-eliecer', 'index.php?option=com_content&view=article&id=1', 'component', 1, 1, 1, 22, 0, '0000-00-00 00:00:00', 0, 1, '', 0, '{"show_title":"","link_titles":"","show_intro":"0","info_block_position":"","show_category":"0","link_category":"0","show_parent_category":"0","link_parent_category":"0","show_author":"0","link_author":"0","show_create_date":"0","show_modify_date":"0","show_publish_date":"0","show_item_navigation":"0","show_vote":"0","show_tags":"0","show_icons":"0","show_print_icon":"0","show_email_icon":"0","show_hits":"0","show_noauth":"","urls_position":"","menu-anchor_title":"","menu-anchor_css":"","menu_image":"","menu_text":1,"page_title":"","show_page_heading":0,"page_heading":"","pageclass_sfx":"","menu-meta_description":"","menu-meta_keywords":"","robots":"","secure":0}', 59, 60, 0, '*', 0),
(108, 'candidato', 'Jorge propone para el 2014', 'jorge-propone-para-el-2014', '', 'jorge-propone-para-el-2014', 'index.php?option=com_content&view=article&id=2', 'component', 1, 1, 1, 22, 0, '0000-00-00 00:00:00', 0, 1, '', 0, '{"show_title":"","link_titles":"","show_intro":"","info_block_position":"","show_category":"","link_category":"","show_parent_category":"","link_parent_category":"","show_author":"","link_author":"","show_create_date":"","show_modify_date":"","show_publish_date":"","show_item_navigation":"","show_vote":"","show_tags":"","show_icons":"","show_print_icon":"","show_email_icon":"","show_hits":"","show_noauth":"","urls_position":"","menu-anchor_title":"","menu-anchor_css":"","menu_image":"","menu_text":1,"page_title":"","show_page_heading":0,"page_heading":"","pageclass_sfx":"","menu-meta_description":"","menu-meta_keywords":"","robots":"","secure":0}', 61, 62, 0, '*', 0),
(109, 'candidato', 'Agenda 2014', '2013-12-27-16-06-26', '', '2013-12-27-16-06-26', '#', 'url', 1, 1, 1, 0, 0, '0000-00-00 00:00:00', 0, 1, '', 0, '{"menu-anchor_title":"","menu-anchor_css":"","menu_image":"","menu_text":1}', 63, 64, 0, '*', 0),
(110, 'candidato', 'Noticias Recientes de Nuestra Gestión', '2013-12-27-16-06-58', '', '2013-12-27-16-06-58', '#', 'url', 1, 1, 1, 0, 0, '0000-00-00 00:00:00', 0, 1, '', 0, '{"menu-anchor_title":"","menu-anchor_css":"","menu_image":"","menu_text":1}', 65, 66, 0, '*', 0),
(111, 'candidato', 'Jorge Tamayo en las Redes Sociales', '2013-12-27-16-09-34', '', '2013-12-27-16-09-34', '#', 'url', 1, 1, 1, 0, 0, '0000-00-00 00:00:00', 0, 1, '', 0, '{"menu-anchor_title":"","menu-anchor_css":"","menu_image":"","menu_text":1}', 67, 68, 0, '*', 0);

-- --------------------------------------------------------

--
-- Estructura de tabla para la tabla `ziax6_menu_types`
--

CREATE TABLE `ziax6_menu_types` (
  `id` int(10) unsigned NOT NULL AUTO_INCREMENT,
  `menutype` varchar(24) NOT NULL,
  `title` varchar(48) NOT NULL,
  `description` varchar(255) NOT NULL DEFAULT '',
  PRIMARY KEY (`id`),
  UNIQUE KEY `idx_menutype` (`menutype`)
) ENGINE=InnoDB  DEFAULT CHARSET=utf8 AUTO_INCREMENT=3 ;

--
-- Volcado de datos para la tabla `ziax6_menu_types`
--

INSERT INTO `ziax6_menu_types` (`id`, `menutype`, `title`, `description`) VALUES
(1, 'mainmenu', 'Main Menu', 'The main menu for the site'),
(2, 'candidato', 'candidato', 'candidato');

-- --------------------------------------------------------

--
-- Estructura de tabla para la tabla `ziax6_messages`
--

CREATE TABLE `ziax6_messages` (
  `message_id` int(10) unsigned NOT NULL AUTO_INCREMENT,
  `user_id_from` int(10) unsigned NOT NULL DEFAULT '0',
  `user_id_to` int(10) unsigned NOT NULL DEFAULT '0',
  `folder_id` tinyint(3) unsigned NOT NULL DEFAULT '0',
  `date_time` datetime NOT NULL DEFAULT '0000-00-00 00:00:00',
  `state` tinyint(1) NOT NULL DEFAULT '0',
  `priority` tinyint(1) unsigned NOT NULL DEFAULT '0',
  `subject` varchar(255) NOT NULL DEFAULT '',
  `message` text NOT NULL,
  PRIMARY KEY (`message_id`),
  KEY `useridto_state` (`user_id_to`,`state`)
) ENGINE=InnoDB DEFAULT CHARSET=utf8 AUTO_INCREMENT=1 ;

-- --------------------------------------------------------

--
-- Estructura de tabla para la tabla `ziax6_messages_cfg`
--

CREATE TABLE `ziax6_messages_cfg` (
  `user_id` int(10) unsigned NOT NULL DEFAULT '0',
  `cfg_name` varchar(100) NOT NULL DEFAULT '',
  `cfg_value` varchar(255) NOT NULL DEFAULT '',
  UNIQUE KEY `idx_user_var_name` (`user_id`,`cfg_name`)
) ENGINE=InnoDB DEFAULT CHARSET=utf8;

-- --------------------------------------------------------

--
-- Estructura de tabla para la tabla `ziax6_modules`
--

CREATE TABLE `ziax6_modules` (
  `id` int(11) NOT NULL AUTO_INCREMENT,
  `asset_id` int(10) unsigned NOT NULL DEFAULT '0' COMMENT 'FK to the #__assets table.',
  `title` varchar(100) NOT NULL DEFAULT '',
  `note` varchar(255) NOT NULL DEFAULT '',
  `content` text NOT NULL,
  `ordering` int(11) NOT NULL DEFAULT '0',
  `position` varchar(50) NOT NULL DEFAULT '',
  `checked_out` int(10) unsigned NOT NULL DEFAULT '0',
  `checked_out_time` datetime NOT NULL DEFAULT '0000-00-00 00:00:00',
  `publish_up` datetime NOT NULL DEFAULT '0000-00-00 00:00:00',
  `publish_down` datetime NOT NULL DEFAULT '0000-00-00 00:00:00',
  `published` tinyint(1) NOT NULL DEFAULT '0',
  `module` varchar(50) DEFAULT NULL,
  `access` int(10) unsigned NOT NULL DEFAULT '0',
  `showtitle` tinyint(3) unsigned NOT NULL DEFAULT '1',
  `params` text NOT NULL,
  `client_id` tinyint(4) NOT NULL DEFAULT '0',
  `language` char(7) NOT NULL,
  PRIMARY KEY (`id`),
  KEY `published` (`published`,`access`),
  KEY `newsfeeds` (`module`,`published`),
  KEY `idx_language` (`language`)
) ENGINE=InnoDB  DEFAULT CHARSET=utf8 AUTO_INCREMENT=92 ;

--
-- Volcado de datos para la tabla `ziax6_modules`
--

INSERT INTO `ziax6_modules` (`id`, `asset_id`, `title`, `note`, `content`, `ordering`, `position`, `checked_out`, `checked_out_time`, `publish_up`, `publish_down`, `published`, `module`, `access`, `showtitle`, `params`, `client_id`, `language`) VALUES
(1, 39, 'Main Menu', '', '', 1, 'menu', 0, '0000-00-00 00:00:00', '0000-00-00 00:00:00', '0000-00-00 00:00:00', 1, 'mod_menu', 1, 0, '{"menutype":"candidato","base":"","startLevel":"1","endLevel":"0","showAllChildren":"0","tag_id":"","class_sfx":"","window_open":"","layout":"_:default","moduleclass_sfx":"_menu","cache":"1","cache_time":"900","cachemode":"itemid","module_tag":"div","bootstrap_size":"0","header_tag":"h3","header_class":"","style":"0"}', 0, '*'),
(2, 56, 'Login', '', '', 1, 'login', 0, '0000-00-00 00:00:00', '0000-00-00 00:00:00', '0000-00-00 00:00:00', 1, 'mod_login', 1, 1, '', 1, '*'),
(3, 57, 'Popular Articles', '', '', 3, 'cpanel', 0, '0000-00-00 00:00:00', '0000-00-00 00:00:00', '0000-00-00 00:00:00', 1, 'mod_popular', 3, 1, '{"count":"5","catid":"","user_id":"0","layout":"_:default","moduleclass_sfx":"","cache":"0","automatic_title":"1"}', 1, '*'),
(4, 58, 'Recently Added Articles', '', '', 4, 'cpanel', 0, '0000-00-00 00:00:00', '0000-00-00 00:00:00', '0000-00-00 00:00:00', 1, 'mod_latest', 3, 1, '{"count":"5","ordering":"c_dsc","catid":"","user_id":"0","layout":"_:default","moduleclass_sfx":"","cache":"0","automatic_title":"1"}', 1, '*'),
(8, 59, 'Toolbar', '', '', 1, 'toolbar', 0, '0000-00-00 00:00:00', '0000-00-00 00:00:00', '0000-00-00 00:00:00', 1, 'mod_toolbar', 3, 1, '', 1, '*'),
(9, 60, 'Quick Icons', '', '', 1, 'icon', 0, '0000-00-00 00:00:00', '0000-00-00 00:00:00', '0000-00-00 00:00:00', 1, 'mod_quickicon', 3, 1, '', 1, '*'),
(10, 61, 'Logged-in Users', '', '', 2, 'cpanel', 0, '0000-00-00 00:00:00', '0000-00-00 00:00:00', '0000-00-00 00:00:00', 1, 'mod_logged', 3, 1, '{"count":"5","name":"1","layout":"_:default","moduleclass_sfx":"","cache":"0","automatic_title":"1"}', 1, '*'),
(12, 62, 'Admin Menu', '', '', 1, 'menu', 0, '0000-00-00 00:00:00', '0000-00-00 00:00:00', '0000-00-00 00:00:00', 1, 'mod_menu', 3, 1, '{"layout":"","moduleclass_sfx":"","shownew":"1","showhelp":"1","cache":"0"}', 1, '*'),
(13, 63, 'Admin Submenu', '', '', 1, 'submenu', 0, '0000-00-00 00:00:00', '0000-00-00 00:00:00', '0000-00-00 00:00:00', 1, 'mod_submenu', 3, 1, '', 1, '*'),
(14, 64, 'User Status', '', '', 2, 'status', 0, '0000-00-00 00:00:00', '0000-00-00 00:00:00', '0000-00-00 00:00:00', 1, 'mod_status', 3, 1, '', 1, '*'),
(15, 65, 'Title', '', '', 1, 'title', 0, '0000-00-00 00:00:00', '0000-00-00 00:00:00', '0000-00-00 00:00:00', 1, 'mod_title', 3, 1, '', 1, '*'),
(16, 66, 'Login Form', '', '', 7, 'position-7', 0, '0000-00-00 00:00:00', '0000-00-00 00:00:00', '0000-00-00 00:00:00', 0, 'mod_login', 1, 1, '{"greeting":"1","name":"0"}', 0, '*'),
(17, 51, 'Breadcrumbs', '', '', 1, 'breadcrumbs', 0, '0000-00-00 00:00:00', '0000-00-00 00:00:00', '0000-00-00 00:00:00', 1, 'mod_breadcrumbs', 1, 0, '{"showHere":"0","showHome":"0","homeText":"","showLast":"1","separator":"\\/","layout":"_:default","moduleclass_sfx":"","cache":"1","cache_time":"900","cachemode":"itemid","module_tag":"div","bootstrap_size":"0","header_tag":"h3","header_class":"","style":"0"}', 0, '*'),
(79, 68, 'Multilanguage status', '', '', 1, 'status', 0, '0000-00-00 00:00:00', '0000-00-00 00:00:00', '0000-00-00 00:00:00', 0, 'mod_multilangstatus', 3, 1, '{"layout":"_:default","moduleclass_sfx":"","cache":"0"}', 1, '*'),
(86, 69, 'Joomla Version', '', '', 1, 'footer', 0, '0000-00-00 00:00:00', '0000-00-00 00:00:00', '0000-00-00 00:00:00', 1, 'mod_version', 3, 1, '{"format":"short","product":"1","layout":"_:default","moduleclass_sfx":"","cache":"0"}', 1, '*'),
(87, 54, 'Logo', '', '<div class="clear">\r\n <div class="col-xs-2 col-sm-2 col-md-2"><img class="img-responsive" src="images/icon.png" alt="Partido de la U" />\r\n  </div>\r\n  <div id="u-slogan-container" class="col-xs-10 col-sm-10 col-md-10"><span id="u-slogan">La <span id="u">U</span> propone: <span id="u-message">Trabajo con seriedad</span></span>\r\n  </div>\r\n</div>', 1, 'logo', 0, '0000-00-00 00:00:00', '0000-00-00 00:00:00', '0000-00-00 00:00:00', 1, 'mod_custom', 1, 0, '{"prepare_content":"0","backgroundimage":"","layout":"_:default","moduleclass_sfx":"","cache":"1","cache_time":"900","cachemode":"static","module_tag":"div","bootstrap_size":"0","header_tag":"h3","header_class":"","style":"0"}', 0, '*'),
(88, 58, 'Banner senado', '', '<img src="images/banner_senado.png" alt="banner senado" />', 1, 'footlink1', 0, '0000-00-00 00:00:00', '0000-00-00 00:00:00', '0000-00-00 00:00:00', 1, 'mod_custom', 1, 0, '{"prepare_content":"0","backgroundimage":"","layout":"_:default","moduleclass_sfx":"","cache":"1","cache_time":"900","cachemode":"static","module_tag":"div","bootstrap_size":"0","header_tag":"h3","header_class":"","style":"0"}', 0, '*'),
(89, 59, 'Banner Partido de la U', '', '<img src="images/banner_partido_u.png" alt="banner partido u" />', 0, 'footlink2', 0, '0000-00-00 00:00:00', '0000-00-00 00:00:00', '0000-00-00 00:00:00', 1, 'mod_custom', 1, 0, '{"prepare_content":"0","backgroundimage":"","layout":"_:default","moduleclass_sfx":"","cache":"1","cache_time":"900","cachemode":"static","module_tag":"div","bootstrap_size":"0","header_tag":"h3","header_class":"","style":"0"}', 0, '*'),
(90, 60, 'Propuestas de Campaña:', '', '<p>Conozca mi propuesta de trabajo.</p>\r\n<a href="#"><img class="img-responsive" src="images/banner-candidato.png" alt="banner-candidato" /></a>\r\n<p class="text-center"><a href="#">Leer más...</a></p>', 1, 'right', 0, '0000-00-00 00:00:00', '0000-00-00 00:00:00', '0000-00-00 00:00:00', 1, 'mod_custom', 1, 1, '{"prepare_content":"0","backgroundimage":"","layout":"_:default","moduleclass_sfx":" contenedor","cache":"1","cache_time":"900","cachemode":"static","module_tag":"div","bootstrap_size":"0","header_tag":"h3","header_class":"","style":"0"}', 0, '*'),
(91, 65, 'Redes Sociales', '', '<ul class="list-inline">\r\n<li><a href="#"><img src="images/Insumos/Redes/twitter.png" alt="twitter" /></a></li>\r\n<li><a href="#"><img src="images/Insumos/Redes/mail.png" alt="mail" /></a></li>\r\n<li><a href="#"><img src="images/Insumos/Redes/facebook.png" alt="facebook" /></a></li>\r\n<li><a href="#"><img src="images/Insumos/Redes/youtube.png" alt="youtube" /></a></li>\r\n<li><a href="#"><img src="images/Insumos/Redes/linkd.png" alt="linkd" /></a></li>\r\n<li><a href="#"><img src="images/Insumos/Redes/gplus.png" alt="gplus" /></a></li>\r\n</ul>', 2, 'right', 0, '0000-00-00 00:00:00', '0000-00-00 00:00:00', '0000-00-00 00:00:00', 1, 'mod_custom', 1, 0, '{"prepare_content":"0","backgroundimage":"","layout":"_:default","moduleclass_sfx":" social-nw text-center","cache":"1","cache_time":"900","cachemode":"static","module_tag":"div","bootstrap_size":"0","header_tag":"h3","header_class":"","style":"0"}', 0, '*');

-- --------------------------------------------------------

--
-- Estructura de tabla para la tabla `ziax6_modules_menu`
--

CREATE TABLE `ziax6_modules_menu` (
  `moduleid` int(11) NOT NULL DEFAULT '0',
  `menuid` int(11) NOT NULL DEFAULT '0',
  PRIMARY KEY (`moduleid`,`menuid`)
) ENGINE=InnoDB DEFAULT CHARSET=utf8;

--
-- Volcado de datos para la tabla `ziax6_modules_menu`
--

INSERT INTO `ziax6_modules_menu` (`moduleid`, `menuid`) VALUES
(1, 0),
(2, 0),
(3, 0),
(4, 0),
(6, 0),
(7, 0),
(8, 0),
(9, 0),
(10, 0),
(12, 0),
(13, 0),
(14, 0),
(15, 0),
(16, 0),
(17, 0),
(79, 0),
(86, 0),
(87, 0),
(88, 0),
(89, 0),
(90, 0),
(91, 0);

-- --------------------------------------------------------

--
-- Estructura de tabla para la tabla `ziax6_newsfeeds`
--

CREATE TABLE `ziax6_newsfeeds` (
  `catid` int(11) NOT NULL DEFAULT '0',
  `id` int(10) unsigned NOT NULL AUTO_INCREMENT,
  `name` varchar(100) NOT NULL DEFAULT '',
  `alias` varchar(255) CHARACTER SET utf8 COLLATE utf8_bin NOT NULL DEFAULT '',
  `link` varchar(200) NOT NULL DEFAULT '',
  `published` tinyint(1) NOT NULL DEFAULT '0',
  `numarticles` int(10) unsigned NOT NULL DEFAULT '1',
  `cache_time` int(10) unsigned NOT NULL DEFAULT '3600',
  `checked_out` int(10) unsigned NOT NULL DEFAULT '0',
  `checked_out_time` datetime NOT NULL DEFAULT '0000-00-00 00:00:00',
  `ordering` int(11) NOT NULL DEFAULT '0',
  `rtl` tinyint(4) NOT NULL DEFAULT '0',
  `access` int(10) unsigned NOT NULL DEFAULT '0',
  `language` char(7) NOT NULL DEFAULT '',
  `params` text NOT NULL,
  `created` datetime NOT NULL DEFAULT '0000-00-00 00:00:00',
  `created_by` int(10) unsigned NOT NULL DEFAULT '0',
  `created_by_alias` varchar(255) NOT NULL DEFAULT '',
  `modified` datetime NOT NULL DEFAULT '0000-00-00 00:00:00',
  `modified_by` int(10) unsigned NOT NULL DEFAULT '0',
  `metakey` text NOT NULL,
  `metadesc` text NOT NULL,
  `metadata` text NOT NULL,
  `xreference` varchar(50) NOT NULL COMMENT 'A reference to enable linkages to external data sets.',
  `publish_up` datetime NOT NULL DEFAULT '0000-00-00 00:00:00',
  `publish_down` datetime NOT NULL DEFAULT '0000-00-00 00:00:00',
  `description` text NOT NULL,
  `version` int(10) unsigned NOT NULL DEFAULT '1',
  `hits` int(10) unsigned NOT NULL DEFAULT '0',
  `images` text NOT NULL,
  PRIMARY KEY (`id`),
  KEY `idx_access` (`access`),
  KEY `idx_checkout` (`checked_out`),
  KEY `idx_state` (`published`),
  KEY `idx_catid` (`catid`),
  KEY `idx_createdby` (`created_by`),
  KEY `idx_language` (`language`),
  KEY `idx_xreference` (`xreference`)
) ENGINE=InnoDB DEFAULT CHARSET=utf8 AUTO_INCREMENT=1 ;

-- --------------------------------------------------------

--
-- Estructura de tabla para la tabla `ziax6_overrider`
--

CREATE TABLE `ziax6_overrider` (
  `id` int(10) NOT NULL AUTO_INCREMENT COMMENT 'Primary Key',
  `constant` varchar(255) NOT NULL,
  `string` text NOT NULL,
  `file` varchar(255) NOT NULL,
  PRIMARY KEY (`id`)
) ENGINE=InnoDB DEFAULT CHARSET=utf8 AUTO_INCREMENT=1 ;

-- --------------------------------------------------------

--
-- Estructura de tabla para la tabla `ziax6_postinstall_messages`
--

CREATE TABLE `ziax6_postinstall_messages` (
  `postinstall_message_id` bigint(20) unsigned NOT NULL AUTO_INCREMENT,
  `extension_id` bigint(20) NOT NULL DEFAULT '700' COMMENT 'FK to #__extensions',
  `title_key` varchar(255) NOT NULL DEFAULT '' COMMENT 'Lang key for the title',
  `description_key` varchar(255) NOT NULL DEFAULT '' COMMENT 'Lang key for description',
  `action_key` varchar(255) NOT NULL DEFAULT '',
  `language_extension` varchar(255) NOT NULL DEFAULT 'com_postinstall' COMMENT 'Extension holding lang keys',
  `language_client_id` tinyint(3) NOT NULL DEFAULT '1',
  `type` varchar(10) NOT NULL DEFAULT 'link' COMMENT 'Message type - message, link, action',
  `action_file` varchar(255) DEFAULT '' COMMENT 'RAD URI to the PHP file containing action method',
  `action` varchar(255) DEFAULT '' COMMENT 'Action method name or URL',
  `condition_file` varchar(255) DEFAULT NULL COMMENT 'RAD URI to file holding display condition method',
  `condition_method` varchar(255) DEFAULT NULL COMMENT 'Display condition method, must return boolean',
  `version_introduced` varchar(50) NOT NULL DEFAULT '3.2.0' COMMENT 'Version when this message was introduced',
  `enabled` tinyint(3) NOT NULL DEFAULT '1',
  PRIMARY KEY (`postinstall_message_id`)
) ENGINE=InnoDB  DEFAULT CHARSET=utf8 AUTO_INCREMENT=4 ;

--
-- Volcado de datos para la tabla `ziax6_postinstall_messages`
--

INSERT INTO `ziax6_postinstall_messages` (`postinstall_message_id`, `extension_id`, `title_key`, `description_key`, `action_key`, `language_extension`, `language_client_id`, `type`, `action_file`, `action`, `condition_file`, `condition_method`, `version_introduced`, `enabled`) VALUES
(1, 700, 'PLG_TWOFACTORAUTH_TOTP_POSTINSTALL_TITLE', 'PLG_TWOFACTORAUTH_TOTP_POSTINSTALL_BODY', 'PLG_TWOFACTORAUTH_TOTP_POSTINSTALL_ACTION', 'plg_twofactorauth_totp', 1, 'action', 'site://plugins/twofactorauth/totp/postinstall/actions.php', 'twofactorauth_postinstall_action', 'site://plugins/twofactorauth/totp/postinstall/actions.php', 'twofactorauth_postinstall_condition', '3.2.0', 0),
(2, 700, 'COM_CPANEL_MSG_EACCELERATOR_TITLE', 'COM_CPANEL_MSG_EACCELERATOR_BODY', 'COM_CPANEL_MSG_EACCELERATOR_BUTTON', 'com_cpanel', 1, 'action', 'admin://components/com_admin/postinstall/eaccelerator.php', 'admin_postinstall_eaccelerator_action', 'admin://components/com_admin/postinstall/eaccelerator.php', 'admin_postinstall_eaccelerator_condition', '3.2.0', 1),
(3, 700, 'COM_CPANEL_WELCOME_BEGINNERS_TITLE', 'COM_CPANEL_WELCOME_BEGINNERS_MESSAGE', '', 'com_cpanel', 1, 'message', '', '', '', '', '3.2.0', 0);

-- --------------------------------------------------------

--
-- Estructura de tabla para la tabla `ziax6_redirect_links`
--

CREATE TABLE `ziax6_redirect_links` (
  `id` int(10) unsigned NOT NULL AUTO_INCREMENT,
  `old_url` varchar(255) NOT NULL,
  `new_url` varchar(255) NOT NULL,
  `referer` varchar(150) NOT NULL,
  `comment` varchar(255) NOT NULL,
  `hits` int(10) unsigned NOT NULL DEFAULT '0',
  `published` tinyint(4) NOT NULL,
  `created_date` datetime NOT NULL DEFAULT '0000-00-00 00:00:00',
  `modified_date` datetime NOT NULL DEFAULT '0000-00-00 00:00:00',
  PRIMARY KEY (`id`),
  UNIQUE KEY `idx_link_old` (`old_url`),
  KEY `idx_link_modifed` (`modified_date`)
) ENGINE=InnoDB DEFAULT CHARSET=utf8 AUTO_INCREMENT=1 ;

-- --------------------------------------------------------

--
-- Estructura de tabla para la tabla `ziax6_schemas`
--

CREATE TABLE `ziax6_schemas` (
  `extension_id` int(11) NOT NULL,
  `version_id` varchar(20) NOT NULL,
  PRIMARY KEY (`extension_id`,`version_id`)
) ENGINE=InnoDB DEFAULT CHARSET=utf8;

--
-- Volcado de datos para la tabla `ziax6_schemas`
--

INSERT INTO `ziax6_schemas` (`extension_id`, `version_id`) VALUES
(700, '3.2.1');

-- --------------------------------------------------------

--
-- Estructura de tabla para la tabla `ziax6_session`
--

CREATE TABLE `ziax6_session` (
  `session_id` varchar(200) NOT NULL DEFAULT '',
  `client_id` tinyint(3) unsigned NOT NULL DEFAULT '0',
  `guest` tinyint(4) unsigned DEFAULT '1',
  `time` varchar(14) DEFAULT '',
  `data` mediumtext,
  `userid` int(11) DEFAULT '0',
  `username` varchar(150) DEFAULT '',
  PRIMARY KEY (`session_id`),
  KEY `userid` (`userid`),
  KEY `time` (`time`)
) ENGINE=InnoDB DEFAULT CHARSET=utf8;

--
-- Volcado de datos para la tabla `ziax6_session`
--

INSERT INTO `ziax6_session` (`session_id`, `client_id`, `guest`, `time`, `data`, `userid`, `username`) VALUES
('61cca2d896a8f50be7f2d586ffb60344', 1, 0, '1388425119', '__default|a:8:{s:15:"session.counter";i:153;s:19:"session.timer.start";i:1388411571;s:18:"session.timer.last";i:1388425118;s:17:"session.timer.now";i:1388425118;s:22:"session.client.browser";s:119:"Mozilla/5.0 (Macintosh; Intel Mac OS X 10_9_1) AppleWebKit/537.36 (KHTML, like Gecko) Chrome/31.0.1650.63 Safari/537.36";s:8:"registry";O:9:"JRegistry":1:{s:7:"\\0\\0\\0data";O:8:"stdClass":6:{s:11:"application";O:8:"stdClass":1:{s:4:"lang";s:0:"";}s:9:"com_users";O:8:"stdClass":1:{s:4:"edit";O:8:"stdClass":1:{s:4:"user";O:8:"stdClass":1:{s:4:"data";N;}}}s:14:"com_categories";O:8:"stdClass":2:{s:10:"categories";O:8:"stdClass":1:{s:6:"filter";O:8:"stdClass":1:{s:9:"extension";s:11:"com_content";}}s:4:"edit";O:8:"stdClass":1:{s:8:"category";O:8:"stdClass":2:{s:2:"id";a:0:{}s:4:"data";N;}}}s:11:"com_content";O:8:"stdClass":1:{s:4:"edit";O:8:"stdClass":1:{s:7:"article";O:8:"stdClass":1:{s:4:"data";N;}}}s:9:"com_menus";O:8:"stdClass":2:{s:5:"items";O:8:"stdClass":3:{s:8:"menutype";s:8:"mainmenu";s:10:"limitstart";i:0;s:4:"list";a:4:{s:9:"direction";s:3:"asc";s:5:"limit";s:2:"20";s:8:"ordering";s:5:"a.lft";s:5:"start";d:0;}}s:4:"edit";O:8:"stdClass":1:{s:4:"item";O:8:"stdClass":4:{s:2:"id";a:0:{}s:4:"data";N;s:4:"type";N;s:4:"link";N;}}}s:11:"com_modules";O:8:"stdClass":3:{s:7:"modules";O:8:"stdClass":1:{s:6:"filter";O:8:"stdClass":1:{s:18:"client_id_previous";i:0;}}s:4:"edit";O:8:"stdClass":1:{s:6:"module";O:8:"stdClass":2:{s:4:"data";N;s:2:"id";a:0:{}}}s:3:"add";O:8:"stdClass":1:{s:6:"module";O:8:"stdClass":2:{s:12:"extension_id";N;s:6:"params";N;}}}}}s:4:"user";O:5:"JUser":26:{s:9:"\\0\\0\\0isRoot";b:1;s:2:"id";s:3:"205";s:4:"name";s:10:"Super User";s:8:"username";s:5:"admin";s:5:"email";s:29:"pablo.pantoja@nuevosmedios.ws";s:8:"password";s:34:"$P$DLMRXPGajLMRVVI/rxtF2gcOL24JvC/";s:14:"password_clear";s:0:"";s:5:"block";s:1:"0";s:9:"sendEmail";s:1:"1";s:12:"registerDate";s:19:"2013-12-17 20:24:05";s:13:"lastvisitDate";s:19:"2013-12-27 16:05:08";s:10:"activation";s:1:"0";s:6:"params";s:2:"{}";s:6:"groups";a:1:{i:8;s:1:"8";}s:5:"guest";i:0;s:13:"lastResetTime";s:19:"0000-00-00 00:00:00";s:10:"resetCount";s:1:"0";s:10:"\\0\\0\\0_params";O:9:"JRegistry":1:{s:7:"\\0\\0\\0data";O:8:"stdClass":0:{}}s:14:"\\0\\0\\0_authGroups";a:2:{i:0;i:1;i:1;i:8;}s:14:"\\0\\0\\0_authLevels";a:5:{i:0;i:1;i:1;i:1;i:2;i:2;i:3;i:3;i:4;i:6;}s:15:"\\0\\0\\0_authActions";N;s:12:"\\0\\0\\0_errorMsg";N;s:10:"\\0\\0\\0_errors";a:0:{}s:3:"aid";i:0;s:6:"otpKey";s:0:"";s:4:"otep";s:0:"";}s:13:"session.token";s:32:"dc73d82d6096003ee52203f071add877";}__wf|a:1:{s:13:"session.token";s:32:"5cea2578389724930e6c8dbf389c25b0";}', 205, 'admin'),
('8ab0bab600a1097cf03591fb8764e9fc', 0, 1, '1388429370', '__default|a:8:{s:15:"session.counter";i:61;s:19:"session.timer.start";i:1388411549;s:18:"session.timer.last";i:1388427208;s:17:"session.timer.now";i:1388429370;s:22:"session.client.browser";s:119:"Mozilla/5.0 (Macintosh; Intel Mac OS X 10_9_1) AppleWebKit/537.36 (KHTML, like Gecko) Chrome/31.0.1650.63 Safari/537.36";s:8:"registry";O:9:"JRegistry":1:{s:7:"\\0\\0\\0data";O:8:"stdClass":0:{}}s:4:"user";O:5:"JUser":24:{s:9:"\\0\\0\\0isRoot";b:0;s:2:"id";i:0;s:4:"name";N;s:8:"username";N;s:5:"email";N;s:8:"password";N;s:14:"password_clear";s:0:"";s:5:"block";N;s:9:"sendEmail";i:0;s:12:"registerDate";N;s:13:"lastvisitDate";N;s:10:"activation";N;s:6:"params";N;s:6:"groups";a:1:{i:0;s:2:"13";}s:5:"guest";i:1;s:13:"lastResetTime";N;s:10:"resetCount";N;s:10:"\\0\\0\\0_params";O:9:"JRegistry":1:{s:7:"\\0\\0\\0data";O:8:"stdClass":0:{}}s:14:"\\0\\0\\0_authGroups";a:1:{i:0;s:1:"1";}s:14:"\\0\\0\\0_authLevels";a:2:{i:0;i:1;i:1;i:1;}s:15:"\\0\\0\\0_authActions";N;s:12:"\\0\\0\\0_errorMsg";N;s:10:"\\0\\0\\0_errors";a:0:{}s:3:"aid";i:0;}s:16:"com_mailto.links";a:1:{s:40:"c760f23fe7bf25f9bcd36917738378693fa9c100";O:8:"stdClass":2:{s:4:"link";s:67:"http://localhost:8888/politicos/index.php/9-noticias/3-asi-se-arman";s:6:"expiry";i:1388412171;}}}', 0, '');

-- --------------------------------------------------------

--
-- Estructura de tabla para la tabla `ziax6_tags`
--

CREATE TABLE `ziax6_tags` (
  `id` int(10) unsigned NOT NULL AUTO_INCREMENT,
  `parent_id` int(10) unsigned NOT NULL DEFAULT '0',
  `lft` int(11) NOT NULL DEFAULT '0',
  `rgt` int(11) NOT NULL DEFAULT '0',
  `level` int(10) unsigned NOT NULL DEFAULT '0',
  `path` varchar(255) NOT NULL DEFAULT '',
  `title` varchar(255) NOT NULL,
  `alias` varchar(255) CHARACTER SET utf8 COLLATE utf8_bin NOT NULL DEFAULT '',
  `note` varchar(255) NOT NULL DEFAULT '',
  `description` mediumtext NOT NULL,
  `published` tinyint(1) NOT NULL DEFAULT '0',
  `checked_out` int(11) unsigned NOT NULL DEFAULT '0',
  `checked_out_time` datetime NOT NULL DEFAULT '0000-00-00 00:00:00',
  `access` int(10) unsigned NOT NULL DEFAULT '0',
  `params` text NOT NULL,
  `metadesc` varchar(1024) NOT NULL COMMENT 'The meta description for the page.',
  `metakey` varchar(1024) NOT NULL COMMENT 'The meta keywords for the page.',
  `metadata` varchar(2048) NOT NULL COMMENT 'JSON encoded metadata properties.',
  `created_user_id` int(10) unsigned NOT NULL DEFAULT '0',
  `created_time` datetime NOT NULL DEFAULT '0000-00-00 00:00:00',
  `created_by_alias` varchar(255) NOT NULL DEFAULT '',
  `modified_user_id` int(10) unsigned NOT NULL DEFAULT '0',
  `modified_time` datetime NOT NULL DEFAULT '0000-00-00 00:00:00',
  `images` text NOT NULL,
  `urls` text NOT NULL,
  `hits` int(10) unsigned NOT NULL DEFAULT '0',
  `language` char(7) NOT NULL,
  `version` int(10) unsigned NOT NULL DEFAULT '1',
  `publish_up` datetime NOT NULL DEFAULT '0000-00-00 00:00:00',
  `publish_down` datetime NOT NULL DEFAULT '0000-00-00 00:00:00',
  PRIMARY KEY (`id`),
  KEY `tag_idx` (`published`,`access`),
  KEY `idx_access` (`access`),
  KEY `idx_checkout` (`checked_out`),
  KEY `idx_path` (`path`),
  KEY `idx_left_right` (`lft`,`rgt`),
  KEY `idx_alias` (`alias`),
  KEY `idx_language` (`language`)
) ENGINE=InnoDB  DEFAULT CHARSET=utf8 AUTO_INCREMENT=2 ;

--
-- Volcado de datos para la tabla `ziax6_tags`
--

INSERT INTO `ziax6_tags` (`id`, `parent_id`, `lft`, `rgt`, `level`, `path`, `title`, `alias`, `note`, `description`, `published`, `checked_out`, `checked_out_time`, `access`, `params`, `metadesc`, `metakey`, `metadata`, `created_user_id`, `created_time`, `created_by_alias`, `modified_user_id`, `modified_time`, `images`, `urls`, `hits`, `language`, `version`, `publish_up`, `publish_down`) VALUES
(1, 0, 0, 1, 0, '', 'ROOT', 'root', '', '', 1, 0, '0000-00-00 00:00:00', 1, '{}', '', '', '', 0, '2011-01-01 00:00:01', '', 0, '0000-00-00 00:00:00', '', '', 0, '*', 1, '0000-00-00 00:00:00', '0000-00-00 00:00:00');

-- --------------------------------------------------------

--
-- Estructura de tabla para la tabla `ziax6_template_styles`
--

CREATE TABLE `ziax6_template_styles` (
  `id` int(10) unsigned NOT NULL AUTO_INCREMENT,
  `template` varchar(50) NOT NULL DEFAULT '',
  `client_id` tinyint(1) unsigned NOT NULL DEFAULT '0',
  `home` char(7) NOT NULL DEFAULT '0',
  `title` varchar(255) NOT NULL DEFAULT '',
  `params` text NOT NULL,
  PRIMARY KEY (`id`),
  KEY `idx_template` (`template`),
  KEY `idx_home` (`home`)
) ENGINE=InnoDB  DEFAULT CHARSET=utf8 AUTO_INCREMENT=10 ;

--
-- Volcado de datos para la tabla `ziax6_template_styles`
--

INSERT INTO `ziax6_template_styles` (`id`, `template`, `client_id`, `home`, `title`, `params`) VALUES
(5, 'hathor', 1, '0', 'Hathor - Default', '{"showSiteName":"0","colourChoice":"","boldText":"0"}'),
(8, 'isis', 1, '1', 'isis - Default', '{"templateColor":"","logoFile":""}'),
(9, 'politicos', 0, '1', 'politicos - Defecto', '{}');

-- --------------------------------------------------------

--
-- Estructura de tabla para la tabla `ziax6_ucm_base`
--

CREATE TABLE `ziax6_ucm_base` (
  `ucm_id` int(10) unsigned NOT NULL,
  `ucm_item_id` int(10) NOT NULL,
  `ucm_type_id` int(11) NOT NULL,
  `ucm_language_id` int(11) NOT NULL,
  PRIMARY KEY (`ucm_id`),
  KEY `idx_ucm_item_id` (`ucm_item_id`),
  KEY `idx_ucm_type_id` (`ucm_type_id`),
  KEY `idx_ucm_language_id` (`ucm_language_id`)
) ENGINE=InnoDB DEFAULT CHARSET=utf8;

-- --------------------------------------------------------

--
-- Estructura de tabla para la tabla `ziax6_ucm_content`
--

CREATE TABLE `ziax6_ucm_content` (
  `core_content_id` int(10) unsigned NOT NULL AUTO_INCREMENT,
  `core_type_alias` varchar(255) NOT NULL DEFAULT '' COMMENT 'FK to the content types table',
  `core_title` varchar(255) NOT NULL,
  `core_alias` varchar(255) CHARACTER SET utf8 COLLATE utf8_bin NOT NULL DEFAULT '',
  `core_body` mediumtext NOT NULL,
  `core_state` tinyint(1) NOT NULL DEFAULT '0',
  `core_checked_out_time` varchar(255) NOT NULL DEFAULT '',
  `core_checked_out_user_id` int(10) unsigned NOT NULL DEFAULT '0',
  `core_access` int(10) unsigned NOT NULL DEFAULT '0',
  `core_params` text NOT NULL,
  `core_featured` tinyint(4) unsigned NOT NULL DEFAULT '0',
  `core_metadata` varchar(2048) NOT NULL COMMENT 'JSON encoded metadata properties.',
  `core_created_user_id` int(10) unsigned NOT NULL DEFAULT '0',
  `core_created_by_alias` varchar(255) NOT NULL DEFAULT '',
  `core_created_time` datetime NOT NULL DEFAULT '0000-00-00 00:00:00',
  `core_modified_user_id` int(10) unsigned NOT NULL DEFAULT '0' COMMENT 'Most recent user that modified',
  `core_modified_time` datetime NOT NULL DEFAULT '0000-00-00 00:00:00',
  `core_language` char(7) NOT NULL,
  `core_publish_up` datetime NOT NULL,
  `core_publish_down` datetime NOT NULL,
  `core_content_item_id` int(10) unsigned DEFAULT NULL COMMENT 'ID from the individual type table',
  `asset_id` int(10) unsigned DEFAULT NULL COMMENT 'FK to the #__assets table.',
  `core_images` text NOT NULL,
  `core_urls` text NOT NULL,
  `core_hits` int(10) unsigned NOT NULL DEFAULT '0',
  `core_version` int(10) unsigned NOT NULL DEFAULT '1',
  `core_ordering` int(11) NOT NULL DEFAULT '0',
  `core_metakey` text NOT NULL,
  `core_metadesc` text NOT NULL,
  `core_catid` int(10) unsigned NOT NULL DEFAULT '0',
  `core_xreference` varchar(50) NOT NULL COMMENT 'A reference to enable linkages to external data sets.',
  `core_type_id` int(10) unsigned DEFAULT NULL,
  PRIMARY KEY (`core_content_id`),
  KEY `tag_idx` (`core_state`,`core_access`),
  KEY `idx_access` (`core_access`),
  KEY `idx_alias` (`core_alias`),
  KEY `idx_language` (`core_language`),
  KEY `idx_title` (`core_title`),
  KEY `idx_modified_time` (`core_modified_time`),
  KEY `idx_created_time` (`core_created_time`),
  KEY `idx_content_type` (`core_type_alias`),
  KEY `idx_core_modified_user_id` (`core_modified_user_id`),
  KEY `idx_core_checked_out_user_id` (`core_checked_out_user_id`),
  KEY `idx_core_created_user_id` (`core_created_user_id`),
  KEY `idx_core_type_id` (`core_type_id`)
) ENGINE=InnoDB DEFAULT CHARSET=utf8 COMMENT='Contains core content data in name spaced fields' AUTO_INCREMENT=1 ;

-- --------------------------------------------------------

--
-- Estructura de tabla para la tabla `ziax6_ucm_history`
--

CREATE TABLE `ziax6_ucm_history` (
  `version_id` int(10) unsigned NOT NULL AUTO_INCREMENT,
  `ucm_item_id` int(10) unsigned NOT NULL,
  `ucm_type_id` int(10) unsigned NOT NULL,
  `version_note` varchar(255) NOT NULL DEFAULT '' COMMENT 'Optional version name',
  `save_date` datetime NOT NULL DEFAULT '0000-00-00 00:00:00',
  `editor_user_id` int(10) unsigned NOT NULL DEFAULT '0',
  `character_count` int(10) unsigned NOT NULL DEFAULT '0' COMMENT 'Number of characters in this version.',
  `sha1_hash` varchar(50) NOT NULL DEFAULT '' COMMENT 'SHA1 hash of the version_data column.',
  `version_data` mediumtext NOT NULL COMMENT 'json-encoded string of version data',
  `keep_forever` tinyint(4) NOT NULL DEFAULT '0' COMMENT '0=auto delete; 1=keep',
  PRIMARY KEY (`version_id`),
  KEY `idx_ucm_item_id` (`ucm_type_id`,`ucm_item_id`),
  KEY `idx_save_date` (`save_date`)
) ENGINE=InnoDB  DEFAULT CHARSET=utf8 AUTO_INCREMENT=9 ;

--
-- Volcado de datos para la tabla `ziax6_ucm_history`
--

INSERT INTO `ziax6_ucm_history` (`version_id`, `ucm_item_id`, `ucm_type_id`, `version_note`, `save_date`, `editor_user_id`, `character_count`, `sha1_hash`, `version_data`, `keep_forever`) VALUES
(1, 1, 1, '', '2013-12-18 17:21:27', 205, 1690, 'fb863a2e493129fc15e4d81020efdf4ccb339f60', '{"id":1,"asset_id":56,"title":"Perfil de Jorge Eli\\u00e9cer","alias":"perfil-de-jorge-eliecer","introtext":"Jorge Eli\\u00e9cer","fulltext":"","state":1,"catid":"2","created":"2013-12-18 17:21:27","created_by":"205","created_by_alias":"","modified":"","modified_by":null,"checked_out":null,"checked_out_time":null,"publish_up":"2013-12-18 17:21:27","publish_down":"0000-00-00 00:00:00","images":"{\\"image_intro\\":\\"\\",\\"float_intro\\":\\"\\",\\"image_intro_alt\\":\\"\\",\\"image_intro_caption\\":\\"\\",\\"image_fulltext\\":\\"\\",\\"float_fulltext\\":\\"\\",\\"image_fulltext_alt\\":\\"\\",\\"image_fulltext_caption\\":\\"\\"}","urls":"{\\"urla\\":false,\\"urlatext\\":\\"\\",\\"targeta\\":\\"\\",\\"urlb\\":false,\\"urlbtext\\":\\"\\",\\"targetb\\":\\"\\",\\"urlc\\":false,\\"urlctext\\":\\"\\",\\"targetc\\":\\"\\"}","attribs":"{\\"show_title\\":\\"\\",\\"link_titles\\":\\"\\",\\"show_tags\\":\\"\\",\\"show_intro\\":\\"\\",\\"info_block_position\\":\\"\\",\\"show_category\\":\\"\\",\\"link_category\\":\\"\\",\\"show_parent_category\\":\\"\\",\\"link_parent_category\\":\\"\\",\\"show_author\\":\\"\\",\\"link_author\\":\\"\\",\\"show_create_date\\":\\"\\",\\"show_modify_date\\":\\"\\",\\"show_publish_date\\":\\"\\",\\"show_item_navigation\\":\\"\\",\\"show_icons\\":\\"\\",\\"show_print_icon\\":\\"\\",\\"show_email_icon\\":\\"\\",\\"show_vote\\":\\"\\",\\"show_hits\\":\\"\\",\\"show_noauth\\":\\"\\",\\"urls_position\\":\\"\\",\\"alternative_readmore\\":\\"\\",\\"article_layout\\":\\"\\",\\"show_publishing_options\\":\\"\\",\\"show_article_options\\":\\"\\",\\"show_urls_images_backend\\":\\"\\",\\"show_urls_images_frontend\\":\\"\\"}","version":1,"ordering":null,"metakey":"","metadesc":"","access":"1","hits":null,"metadata":"{\\"robots\\":\\"\\",\\"author\\":\\"\\",\\"rights\\":\\"\\",\\"xreference\\":\\"\\"}","featured":"0","language":"*","xreference":""}', 0),
(2, 2, 1, '', '2013-12-18 17:29:39', 205, 1686, '79b6f175e2e13f0738e6dca4fea8c7d2e4798e58', '{"id":2,"asset_id":57,"title":"Jorge propone para el 2014","alias":"jorge-propone-para-el-2014","introtext":"Jorge propone","fulltext":"","state":1,"catid":"2","created":"2013-12-18 17:29:39","created_by":"205","created_by_alias":"","modified":"","modified_by":null,"checked_out":null,"checked_out_time":null,"publish_up":"2013-12-18 17:29:39","publish_down":"0000-00-00 00:00:00","images":"{\\"image_intro\\":\\"\\",\\"float_intro\\":\\"\\",\\"image_intro_alt\\":\\"\\",\\"image_intro_caption\\":\\"\\",\\"image_fulltext\\":\\"\\",\\"float_fulltext\\":\\"\\",\\"image_fulltext_alt\\":\\"\\",\\"image_fulltext_caption\\":\\"\\"}","urls":"{\\"urla\\":false,\\"urlatext\\":\\"\\",\\"targeta\\":\\"\\",\\"urlb\\":false,\\"urlbtext\\":\\"\\",\\"targetb\\":\\"\\",\\"urlc\\":false,\\"urlctext\\":\\"\\",\\"targetc\\":\\"\\"}","attribs":"{\\"show_title\\":\\"\\",\\"link_titles\\":\\"\\",\\"show_tags\\":\\"\\",\\"show_intro\\":\\"\\",\\"info_block_position\\":\\"\\",\\"show_category\\":\\"\\",\\"link_category\\":\\"\\",\\"show_parent_category\\":\\"\\",\\"link_parent_category\\":\\"\\",\\"show_author\\":\\"\\",\\"link_author\\":\\"\\",\\"show_create_date\\":\\"\\",\\"show_modify_date\\":\\"\\",\\"show_publish_date\\":\\"\\",\\"show_item_navigation\\":\\"\\",\\"show_icons\\":\\"\\",\\"show_print_icon\\":\\"\\",\\"show_email_icon\\":\\"\\",\\"show_vote\\":\\"\\",\\"show_hits\\":\\"\\",\\"show_noauth\\":\\"\\",\\"urls_position\\":\\"\\",\\"alternative_readmore\\":\\"\\",\\"article_layout\\":\\"\\",\\"show_publishing_options\\":\\"\\",\\"show_article_options\\":\\"\\",\\"show_urls_images_backend\\":\\"\\",\\"show_urls_images_frontend\\":\\"\\"}","version":1,"ordering":null,"metakey":"","metadesc":"","access":"1","hits":null,"metadata":"{\\"robots\\":\\"\\",\\"author\\":\\"\\",\\"rights\\":\\"\\",\\"xreference\\":\\"\\"}","featured":"0","language":"*","xreference":""}', 0),
(3, 8, 6, '', '2013-12-27 16:21:24', 205, 566, '00dfd4e32e406f832a086a4527f398b3da2e557c', '{"id":8,"asset_id":61,"parent_id":"1","lft":"13","rgt":14,"level":1,"path":null,"extension":"com_content","title":"Jorge Tamayo","alias":"jorge-tamayo","note":"","description":"Publicaciones relacionadas a Jorge Tamayo","published":"1","checked_out":null,"checked_out_time":null,"access":"1","params":"{\\"category_layout\\":\\"\\",\\"image\\":\\"\\"}","metadesc":"","metakey":"","metadata":"{\\"author\\":\\"\\",\\"robots\\":\\"\\"}","created_user_id":"205","created_time":"2013-12-27 16:21:24","modified_user_id":null,"modified_time":null,"hits":"0","language":"*","version":null}', 0),
(4, 9, 6, '', '2013-12-27 16:24:23', 205, 517, '8717c8aad765e1ce716ebabc28351b8dfb378e29', '{"id":9,"asset_id":62,"parent_id":"1","lft":"15","rgt":16,"level":1,"path":null,"extension":"com_content","title":"Noticias","alias":"noticias","note":"","description":"","published":"1","checked_out":null,"checked_out_time":null,"access":"1","params":"{\\"category_layout\\":\\"\\",\\"image\\":\\"\\"}","metadesc":"","metakey":"","metadata":"{\\"author\\":\\"\\",\\"robots\\":\\"\\"}","created_user_id":"205","created_time":"2013-12-27 16:24:23","modified_user_id":null,"modified_time":null,"hits":"0","language":"*","version":null}', 0),
(5, 2, 1, '', '2013-12-27 16:27:40', 205, 1724, 'f329e405775d2e6542fc4d0d8d7c9b759c8034b7', '{"id":2,"asset_id":"57","title":"Jorge propone para el 2014","alias":"jorge-propone-para-el-2014","introtext":"Jorge propone","fulltext":"","state":1,"catid":"8","created":"2013-12-18 17:29:39","created_by":"205","created_by_alias":"","modified":"2013-12-27 16:27:40","modified_by":"205","checked_out":"205","checked_out_time":"2013-12-27 16:26:37","publish_up":"2013-12-18 17:29:39","publish_down":"0000-00-00 00:00:00","images":"{\\"image_intro\\":\\"\\",\\"float_intro\\":\\"\\",\\"image_intro_alt\\":\\"\\",\\"image_intro_caption\\":\\"\\",\\"image_fulltext\\":\\"\\",\\"float_fulltext\\":\\"\\",\\"image_fulltext_alt\\":\\"\\",\\"image_fulltext_caption\\":\\"\\"}","urls":"{\\"urla\\":false,\\"urlatext\\":\\"\\",\\"targeta\\":\\"\\",\\"urlb\\":false,\\"urlbtext\\":\\"\\",\\"targetb\\":\\"\\",\\"urlc\\":false,\\"urlctext\\":\\"\\",\\"targetc\\":\\"\\"}","attribs":"{\\"show_title\\":\\"\\",\\"link_titles\\":\\"\\",\\"show_tags\\":\\"\\",\\"show_intro\\":\\"\\",\\"info_block_position\\":\\"\\",\\"show_category\\":\\"\\",\\"link_category\\":\\"\\",\\"show_parent_category\\":\\"\\",\\"link_parent_category\\":\\"\\",\\"show_author\\":\\"\\",\\"link_author\\":\\"\\",\\"show_create_date\\":\\"\\",\\"show_modify_date\\":\\"\\",\\"show_publish_date\\":\\"\\",\\"show_item_navigation\\":\\"\\",\\"show_icons\\":\\"\\",\\"show_print_icon\\":\\"\\",\\"show_email_icon\\":\\"\\",\\"show_vote\\":\\"\\",\\"show_hits\\":\\"\\",\\"show_noauth\\":\\"\\",\\"urls_position\\":\\"\\",\\"alternative_readmore\\":\\"\\",\\"article_layout\\":\\"\\",\\"show_publishing_options\\":\\"\\",\\"show_article_options\\":\\"\\",\\"show_urls_images_backend\\":\\"\\",\\"show_urls_images_frontend\\":\\"\\"}","version":2,"ordering":"0","metakey":"","metadesc":"","access":"1","hits":"0","metadata":"{\\"robots\\":\\"\\",\\"author\\":\\"\\",\\"rights\\":\\"\\",\\"xreference\\":\\"\\"}","featured":"0","language":"*","xreference":""}', 0),
(6, 1, 1, '', '2013-12-27 16:27:52', 205, 1729, '197a768352d33a77147b2e0ebee3eb32cccd7aa8', '{"id":1,"asset_id":"56","title":"Perfil de Jorge Eli\\u00e9cer","alias":"perfil-de-jorge-eliecer","introtext":"Jorge Eli\\u00e9cer","fulltext":"","state":1,"catid":"8","created":"2013-12-18 17:21:27","created_by":"205","created_by_alias":"","modified":"2013-12-27 16:27:52","modified_by":"205","checked_out":"205","checked_out_time":"2013-12-27 16:27:43","publish_up":"2013-12-18 17:21:27","publish_down":"0000-00-00 00:00:00","images":"{\\"image_intro\\":\\"\\",\\"float_intro\\":\\"\\",\\"image_intro_alt\\":\\"\\",\\"image_intro_caption\\":\\"\\",\\"image_fulltext\\":\\"\\",\\"float_fulltext\\":\\"\\",\\"image_fulltext_alt\\":\\"\\",\\"image_fulltext_caption\\":\\"\\"}","urls":"{\\"urla\\":false,\\"urlatext\\":\\"\\",\\"targeta\\":\\"\\",\\"urlb\\":false,\\"urlbtext\\":\\"\\",\\"targetb\\":\\"\\",\\"urlc\\":false,\\"urlctext\\":\\"\\",\\"targetc\\":\\"\\"}","attribs":"{\\"show_title\\":\\"\\",\\"link_titles\\":\\"\\",\\"show_tags\\":\\"\\",\\"show_intro\\":\\"\\",\\"info_block_position\\":\\"\\",\\"show_category\\":\\"\\",\\"link_category\\":\\"\\",\\"show_parent_category\\":\\"\\",\\"link_parent_category\\":\\"\\",\\"show_author\\":\\"\\",\\"link_author\\":\\"\\",\\"show_create_date\\":\\"\\",\\"show_modify_date\\":\\"\\",\\"show_publish_date\\":\\"\\",\\"show_item_navigation\\":\\"\\",\\"show_icons\\":\\"\\",\\"show_print_icon\\":\\"\\",\\"show_email_icon\\":\\"\\",\\"show_vote\\":\\"\\",\\"show_hits\\":\\"\\",\\"show_noauth\\":\\"\\",\\"urls_position\\":\\"\\",\\"alternative_readmore\\":\\"\\",\\"article_layout\\":\\"\\",\\"show_publishing_options\\":\\"\\",\\"show_article_options\\":\\"\\",\\"show_urls_images_backend\\":\\"\\",\\"show_urls_images_frontend\\":\\"\\"}","version":2,"ordering":"1","metakey":"","metadesc":"","access":"1","hits":"41","metadata":"{\\"robots\\":\\"\\",\\"author\\":\\"\\",\\"rights\\":\\"\\",\\"xreference\\":\\"\\"}","featured":"0","language":"*","xreference":""}', 0),
(7, 3, 1, '', '2013-12-30 14:02:42', 205, 2680, 'd0ceb202fa6810bbf523434ec8760881268c0c29', '{"id":3,"asset_id":63,"title":"As\\u00ed se arman","alias":"asi-se-arman","introtext":"<h1>As\\u00ed se arman las listas en el Valle para las elecciones de Congreso<\\/h1>\\r\\nAunque ya la mayor\\u00eda de los partidos tienen definidas sus listas para el Congreso, hay otros que los cogi\\u00f3 la campa\\u00f1a sin candidatos.<br \\/><br \\/><img src=\\"images\\/Insumos\\/Noticias\\/noticias.png\\" alt=\\"Noticias\\" style=\\"float: left;\\" \\/>&nbsp;El Partido de la U espera seguir siendo la colectividad mayoritaria en el departamento.<br \\/>Las cartas con las que esperan conservar o aumentar los tres esca\\u00f1os que tienen en C\\u00e1mara son: Juan Carlos Mart\\u00ednez Guti\\u00e9rrez, quien estuvo en la campa\\u00f1a pasada con Roy Barreras; Rafael Palau, exalcalde de Tulu\\u00e1; el exconcejal de Cali Jorge Eli\\u00e9cer Tamayo y por Palmira ser\\u00eda candidato Elberth D\\u00edaz.<br \\/>Por el sector que dirige el congresista Roy Barreras, finalmente se decidi\\u00f3 que ser\\u00eda \\u00e9l quien aspire nuevamente al Senado y no su esposa, como lo hab\\u00eda anunciado meses atr\\u00e1s.<br \\/><br \\/><br \\/><br \\/><br \\/>","fulltext":"","state":1,"catid":"9","created":"2013-12-30 14:02:42","created_by":"205","created_by_alias":"","modified":"","modified_by":null,"checked_out":null,"checked_out_time":null,"publish_up":"2013-12-30 14:02:42","publish_down":"0000-00-00 00:00:00","images":"{\\"image_intro\\":\\"\\",\\"float_intro\\":\\"\\",\\"image_intro_alt\\":\\"\\",\\"image_intro_caption\\":\\"\\",\\"image_fulltext\\":\\"\\",\\"float_fulltext\\":\\"\\",\\"image_fulltext_alt\\":\\"\\",\\"image_fulltext_caption\\":\\"\\"}","urls":"{\\"urla\\":false,\\"urlatext\\":\\"\\",\\"targeta\\":\\"\\",\\"urlb\\":false,\\"urlbtext\\":\\"\\",\\"targetb\\":\\"\\",\\"urlc\\":false,\\"urlctext\\":\\"\\",\\"targetc\\":\\"\\"}","attribs":"{\\"show_title\\":\\"\\",\\"link_titles\\":\\"\\",\\"show_tags\\":\\"\\",\\"show_intro\\":\\"\\",\\"info_block_position\\":\\"\\",\\"show_category\\":\\"\\",\\"link_category\\":\\"\\",\\"show_parent_category\\":\\"\\",\\"link_parent_category\\":\\"\\",\\"show_author\\":\\"\\",\\"link_author\\":\\"\\",\\"show_create_date\\":\\"\\",\\"show_modify_date\\":\\"\\",\\"show_publish_date\\":\\"\\",\\"show_item_navigation\\":\\"\\",\\"show_icons\\":\\"\\",\\"show_print_icon\\":\\"\\",\\"show_email_icon\\":\\"\\",\\"show_vote\\":\\"\\",\\"show_hits\\":\\"\\",\\"show_noauth\\":\\"\\",\\"urls_position\\":\\"\\",\\"alternative_readmore\\":\\"\\",\\"article_layout\\":\\"\\",\\"show_publishing_options\\":\\"\\",\\"show_article_options\\":\\"\\",\\"show_urls_images_backend\\":\\"\\",\\"show_urls_images_frontend\\":\\"\\"}","version":1,"ordering":null,"metakey":"","metadesc":"","access":"1","hits":null,"metadata":"{\\"robots\\":\\"\\",\\"author\\":\\"\\",\\"rights\\":\\"\\",\\"xreference\\":\\"\\"}","featured":"0","language":"*","xreference":""}', 0),
(8, 4, 1, '', '2013-12-30 14:10:15', 205, 2552, '5c01d8a3fc6adf38796f33340be5523b61400e68', '{"id":4,"asset_id":64,"title":"La organizaci\\u00f3n pol\\u00edtica nueva generaci\\u00f3n","alias":"la-organizacion-politica-nueva-generacion","introtext":"<h1>LA ORGANIZACI\\u00d3N POL\\u00cdTICA NUEVA GENERACI\\u00d3N, ORIENTADA POR DILIAN FRANCISCA TORO, PRESENT\\u00d3 LA AGENDA LEGISLATIVA PARA EL PERIODO 2014-1018.<\\/h1>\\r\\n<img src=\\"images\\/Insumos\\/Noticias\\/noticias.png\\" alt=\\"noticias\\" style=\\"float: left;\\" \\/>Son siete candidatos vallecaucanos, seis de ellos aspirantes a la C\\u00e1mara, al lado de ROOSVELT RODR\\u00cdGUEZ al Senado, quienes trabajar\\u00e1n por la agenda legislativa dedicada a la paz, la justicia, el empleo, la salud, el crecimiento econ\\u00f3mico y la educaci\\u00f3n, entre otros temas que aportar\\u00e1n significativamente al progreso de nuestro pa\\u00eds.<br \\/><br \\/>los Candidatos a la C\\u00e1mara son ELBERT D\\u00cdAZ, JORGE E. TAMAYO, ARMANDO ROA, JUAN CARLOS MARTINEZ, Parlamentario actual,RAFAEL PALAU, Y ESPERANZA DELGADO.<br \\/>","fulltext":"","state":1,"catid":"9","created":"2013-12-30 14:10:15","created_by":"205","created_by_alias":"","modified":"","modified_by":null,"checked_out":null,"checked_out_time":null,"publish_up":"2013-12-30 14:10:15","publish_down":"0000-00-00 00:00:00","images":"{\\"image_intro\\":\\"\\",\\"float_intro\\":\\"\\",\\"image_intro_alt\\":\\"\\",\\"image_intro_caption\\":\\"\\",\\"image_fulltext\\":\\"\\",\\"float_fulltext\\":\\"\\",\\"image_fulltext_alt\\":\\"\\",\\"image_fulltext_caption\\":\\"\\"}","urls":"{\\"urla\\":false,\\"urlatext\\":\\"\\",\\"targeta\\":\\"\\",\\"urlb\\":false,\\"urlbtext\\":\\"\\",\\"targetb\\":\\"\\",\\"urlc\\":false,\\"urlctext\\":\\"\\",\\"targetc\\":\\"\\"}","attribs":"{\\"show_title\\":\\"\\",\\"link_titles\\":\\"\\",\\"show_tags\\":\\"\\",\\"show_intro\\":\\"\\",\\"info_block_position\\":\\"\\",\\"show_category\\":\\"\\",\\"link_category\\":\\"\\",\\"show_parent_category\\":\\"\\",\\"link_parent_category\\":\\"\\",\\"show_author\\":\\"\\",\\"link_author\\":\\"\\",\\"show_create_date\\":\\"\\",\\"show_modify_date\\":\\"\\",\\"show_publish_date\\":\\"\\",\\"show_item_navigation\\":\\"\\",\\"show_icons\\":\\"\\",\\"show_print_icon\\":\\"\\",\\"show_email_icon\\":\\"\\",\\"show_vote\\":\\"\\",\\"show_hits\\":\\"\\",\\"show_noauth\\":\\"\\",\\"urls_position\\":\\"\\",\\"alternative_readmore\\":\\"...leer m\\\\u00e1s\\",\\"article_layout\\":\\"\\",\\"show_publishing_options\\":\\"\\",\\"show_article_options\\":\\"\\",\\"show_urls_images_backend\\":\\"\\",\\"show_urls_images_frontend\\":\\"\\"}","version":1,"ordering":null,"metakey":"","metadesc":"","access":"1","hits":null,"metadata":"{\\"robots\\":\\"\\",\\"author\\":\\"\\",\\"rights\\":\\"\\",\\"xreference\\":\\"\\"}","featured":"0","language":"*","xreference":""}', 0);

-- --------------------------------------------------------

--
-- Estructura de tabla para la tabla `ziax6_updates`
--

CREATE TABLE `ziax6_updates` (
  `update_id` int(11) NOT NULL AUTO_INCREMENT,
  `update_site_id` int(11) DEFAULT '0',
  `extension_id` int(11) DEFAULT '0',
  `name` varchar(100) DEFAULT '',
  `description` text NOT NULL,
  `element` varchar(100) DEFAULT '',
  `type` varchar(20) DEFAULT '',
  `folder` varchar(20) DEFAULT '',
  `client_id` tinyint(3) DEFAULT '0',
  `version` varchar(10) DEFAULT '',
  `data` text NOT NULL,
  `detailsurl` text NOT NULL,
  `infourl` text NOT NULL,
  PRIMARY KEY (`update_id`)
) ENGINE=InnoDB  DEFAULT CHARSET=utf8 COMMENT='Available Updates' AUTO_INCREMENT=51 ;

--
-- Volcado de datos para la tabla `ziax6_updates`
--

INSERT INTO `ziax6_updates` (`update_id`, `update_site_id`, `extension_id`, `name`, `description`, `element`, `type`, `folder`, `client_id`, `version`, `data`, `detailsurl`, `infourl`) VALUES
(1, 3, 0, 'Afrikaans', '', 'pkg_af-ZA', 'package', '', 0, '3.2.0.1', '', 'http://update.joomla.org/language/details3/af-ZA_details.xml', ''),
(2, 3, 0, 'Arabic Unitag', '', 'pkg_ar-AA', 'package', '', 0, '3.2.1.2', '', 'http://update.joomla.org/language/details3/ar-AA_details.xml', ''),
(3, 3, 0, 'Belarusian', '', 'pkg_be-BY', 'package', '', 0, '3.2.1.1', '', 'http://update.joomla.org/language/details3/be-BY_details.xml', ''),
(4, 3, 0, 'Bulgarian', '', 'pkg_bg-BG', 'package', '', 0, '3.0.3.1', '', 'http://update.joomla.org/language/details3/bg-BG_details.xml', ''),
(5, 3, 0, 'Catalan', '', 'pkg_ca-ES', 'package', '', 0, '3.2.0.1', '', 'http://update.joomla.org/language/details3/ca-ES_details.xml', ''),
(6, 3, 0, 'Chinese Simplified', '', 'pkg_zh-CN', 'package', '', 0, '3.2.1.1', '', 'http://update.joomla.org/language/details3/zh-CN_details.xml', ''),
(7, 3, 0, 'Croatian', '', 'pkg_hr-HR', 'package', '', 0, '3.1.5.1', '', 'http://update.joomla.org/language/details3/hr-HR_details.xml', ''),
(8, 3, 0, 'Czech', '', 'pkg_cs-CZ', 'package', '', 0, '3.2.1.1', '', 'http://update.joomla.org/language/details3/cs-CZ_details.xml', ''),
(9, 3, 0, 'Danish', '', 'pkg_da-DK', 'package', '', 0, '3.2.1.1', '', 'http://update.joomla.org/language/details3/da-DK_details.xml', ''),
(10, 3, 0, 'Dutch', '', 'pkg_nl-NL', 'package', '', 0, '3.2.1.1', '', 'http://update.joomla.org/language/details3/nl-NL_details.xml', ''),
(11, 3, 0, 'English AU', '', 'pkg_en-AU', 'package', '', 0, '3.1.0.1', '', 'http://update.joomla.org/language/details3/en-AU_details.xml', ''),
(12, 3, 0, 'English US', '', 'pkg_en-US', 'package', '', 0, '3.1.0.1', '', 'http://update.joomla.org/language/details3/en-US_details.xml', ''),
(13, 3, 0, 'Estonian', '', 'pkg_et-EE', 'package', '', 0, '3.2.1.1', '', 'http://update.joomla.org/language/details3/et-EE_details.xml', ''),
(14, 3, 0, 'Italian', '', 'pkg_it-IT', 'package', '', 0, '3.2.1.1', '', 'http://update.joomla.org/language/details3/it-IT_details.xml', ''),
(15, 3, 0, 'Korean', '', 'pkg_ko-KR', 'package', '', 0, '3.2.1.0', '', 'http://update.joomla.org/language/details3/ko-KR_details.xml', ''),
(16, 3, 0, 'Latvian', '', 'pkg_lv-LV', 'package', '', 0, '3.2.1.1', '', 'http://update.joomla.org/language/details3/lv-LV_details.xml', ''),
(17, 3, 0, 'Macedonian', '', 'pkg_mk-MK', 'package', '', 0, '3.2.1.1', '', 'http://update.joomla.org/language/details3/mk-MK_details.xml', ''),
(18, 3, 0, 'Norwegian Bokmal', '', 'pkg_nb-NO', 'package', '', 0, '3.2.0.1', '', 'http://update.joomla.org/language/details3/nb-NO_details.xml', ''),
(19, 3, 0, 'Persian', '', 'pkg_fa-IR', 'package', '', 0, '3.2.1.1', '', 'http://update.joomla.org/language/details3/fa-IR_details.xml', ''),
(20, 3, 0, 'Polish', '', 'pkg_pl-PL', 'package', '', 0, '3.2.1.1', '', 'http://update.joomla.org/language/details3/pl-PL_details.xml', ''),
(21, 3, 0, 'Russian', '', 'pkg_ru-RU', 'package', '', 0, '3.1.5.1', '', 'http://update.joomla.org/language/details3/ru-RU_details.xml', ''),
(22, 3, 0, 'Slovak', '', 'pkg_sk-SK', 'package', '', 0, '3.2.1.1', '', 'http://update.joomla.org/language/details3/sk-SK_details.xml', ''),
(23, 3, 0, 'Swedish', '', 'pkg_sv-SE', 'package', '', 0, '3.2.1.1', '', 'http://update.joomla.org/language/details3/sv-SE_details.xml', ''),
(24, 3, 0, 'Syriac', '', 'pkg_sy-IQ', 'package', '', 0, '3.2.0.2', '', 'http://update.joomla.org/language/details3/sy-IQ_details.xml', ''),
(25, 3, 0, 'Tamil', '', 'pkg_ta-IN', 'package', '', 0, '3.2.1.1', '', 'http://update.joomla.org/language/details3/ta-IN_details.xml', ''),
(26, 3, 0, 'Thai', '', 'pkg_th-TH', 'package', '', 0, '3.2.1.1', '', 'http://update.joomla.org/language/details3/th-TH_details.xml', ''),
(27, 3, 0, 'Turkish', '', 'pkg_tr-TR', 'package', '', 0, '3.2.1.1', '', 'http://update.joomla.org/language/details3/tr-TR_details.xml', ''),
(28, 3, 0, 'Ukrainian', '', 'pkg_uk-UA', 'package', '', 0, '3.2.0.6', '', 'http://update.joomla.org/language/details3/uk-UA_details.xml', ''),
(29, 3, 0, 'Uyghur', '', 'pkg_ug-CN', 'package', '', 0, '3.2.0.1', '', 'http://update.joomla.org/language/details3/ug-CN_details.xml', ''),
(30, 3, 0, 'Albanian', '', 'pkg_sq-AL', 'package', '', 0, '3.1.1.1', '', 'http://update.joomla.org/language/details3/sq-AL_details.xml', ''),
(31, 3, 0, 'Serbian Latin', '', 'pkg_sr-YU', 'package', '', 0, '3.2.1.1', '', 'http://update.joomla.org/language/details3/sr-YU_details.xml', ''),
(32, 3, 10003, 'Spanish', '', 'pkg_es-ES', 'package', '', 0, '3.2.1.1', '', 'http://update.joomla.org/language/details3/es-ES_details.xml', ''),
(33, 3, 0, 'Bosnian', '', 'pkg_bs-BA', 'package', '', 0, '3.2.0.1', '', 'http://update.joomla.org/language/details3/bs-BA_details.xml', ''),
(34, 3, 0, 'Serbian Cyrillic', '', 'pkg_sr-RS', 'package', '', 0, '3.2.1.1', '', 'http://update.joomla.org/language/details3/sr-RS_details.xml', ''),
(35, 3, 0, 'Vietnamese', '', 'pkg_vi-VN', 'package', '', 0, '3.2.1.1', '', 'http://update.joomla.org/language/details3/vi-VN_details.xml', ''),
(36, 3, 0, 'Bahasa Indonesia', '', 'pkg_id-ID', 'package', '', 0, '3.1.4.1', '', 'http://update.joomla.org/language/details3/id-ID_details.xml', ''),
(37, 3, 0, 'Finnish', '', 'pkg_fi-FI', 'package', '', 0, '3.2.1.1', '', 'http://update.joomla.org/language/details3/fi-FI_details.xml', ''),
(38, 3, 0, 'Swahili', '', 'pkg_sw-KE', 'package', '', 0, '3.2.1.1', '', 'http://update.joomla.org/language/details3/sw-KE_details.xml', ''),
(39, 3, 0, 'Montenegrin', '', 'pkg_srp-ME', 'package', '', 0, '3.2.1.1', '', 'http://update.joomla.org/language/details3/srp-ME_details.xml', ''),
(40, 4, 10000, 'Installer - Install from Web', 'This plugin offers functionality for the ''Install from Web'' tab.', 'webinstaller', 'plugin', 'installer', 0, '1.0.5', '', 'http://appscdn.joomla.org/webapps/jedapps/webinstaller.xml', 'http://docs.joomla.org/Install_from_Web'),
(41, 3, 0, 'Malay', '', 'pkg_ms-MY', 'package', '', 0, '3.1.5.4', '', 'http://update.joomla.org/language/details3/ms-MY_details.xml', ''),
(42, 3, 0, 'Romanian', '', 'pkg_ro-RO', 'package', '', 0, '3.2.1.1', '', 'http://update.joomla.org/language/details3/ro-RO_details.xml', ''),
(43, 3, 0, 'Flemish', '', 'pkg_nl-BE', 'package', '', 0, '3.2.1.1', '', 'http://update.joomla.org/language/details3/nl-BE_details.xml', ''),
(44, 3, 0, 'Chinese Traditional', '', 'pkg_zh-TW', 'package', '', 0, '3.2.1.1', '', 'http://update.joomla.org/language/details3/zh-TW_details.xml', ''),
(45, 3, 0, 'French', '', 'pkg_fr-FR', 'package', '', 0, '3.2.1.1', '', 'http://update.joomla.org/language/details3/fr-FR_details.xml', ''),
(46, 3, 0, 'German', '', 'pkg_de-DE', 'package', '', 0, '3.2.1.1', '', 'http://update.joomla.org/language/details3/de-DE_details.xml', ''),
(47, 3, 0, 'Greek', '', 'pkg_el-GR', 'package', '', 0, '3.2.0.1', '', 'http://update.joomla.org/language/details3/el-GR_details.xml', ''),
(48, 3, 0, 'Japanese', '', 'pkg_ja-JP', 'package', '', 0, '3.2.1.1', '', 'http://update.joomla.org/language/details3/ja-JP_details.xml', ''),
(49, 3, 0, 'Hebrew', '', 'pkg_he-IL', 'package', '', 0, '3.1.1.1', '', 'http://update.joomla.org/language/details3/he-IL_details.xml', ''),
(50, 3, 0, 'Hungarian', '', 'pkg_hu-HU', 'package', '', 0, '3.2.0.1', '', 'http://update.joomla.org/language/details3/hu-HU_details.xml', '');

-- --------------------------------------------------------

--
-- Estructura de tabla para la tabla `ziax6_update_sites`
--

CREATE TABLE `ziax6_update_sites` (
  `update_site_id` int(11) NOT NULL AUTO_INCREMENT,
  `name` varchar(100) DEFAULT '',
  `type` varchar(20) DEFAULT '',
  `location` text NOT NULL,
  `enabled` int(11) DEFAULT '0',
  `last_check_timestamp` bigint(20) DEFAULT '0',
  PRIMARY KEY (`update_site_id`)
) ENGINE=InnoDB  DEFAULT CHARSET=utf8 COMMENT='Update Sites' AUTO_INCREMENT=6 ;

--
-- Volcado de datos para la tabla `ziax6_update_sites`
--

INSERT INTO `ziax6_update_sites` (`update_site_id`, `name`, `type`, `location`, `enabled`, `last_check_timestamp`) VALUES
(1, 'Joomla Core', 'collection', 'http://update.joomla.org/core/list.xml', 1, 1388411580),
(2, 'Joomla Extension Directory', 'collection', 'http://update.joomla.org/jed/list.xml', 1, 1388411580),
(3, 'Accredited Joomla! Translations', 'collection', 'http://update.joomla.org/language/translationlist_3.xml', 1, 1388411580),
(4, 'WebInstaller Update Site', 'extension', 'http://appscdn.joomla.org/webapps/jedapps/webinstaller.xml', 1, 1388411580),
(5, 'JCE Editor Updates', 'extension', 'https://www.joomlacontenteditor.net/index.php?option=com_updates&view=update&format=xml&id=1&file=extension.xml', 1, 1388411580);

-- --------------------------------------------------------

--
-- Estructura de tabla para la tabla `ziax6_update_sites_extensions`
--

CREATE TABLE `ziax6_update_sites_extensions` (
  `update_site_id` int(11) NOT NULL DEFAULT '0',
  `extension_id` int(11) NOT NULL DEFAULT '0',
  PRIMARY KEY (`update_site_id`,`extension_id`)
) ENGINE=InnoDB DEFAULT CHARSET=utf8 COMMENT='Links extensions to update sites';

--
-- Volcado de datos para la tabla `ziax6_update_sites_extensions`
--

INSERT INTO `ziax6_update_sites_extensions` (`update_site_id`, `extension_id`) VALUES
(1, 700),
(2, 700),
(3, 600),
(4, 10000),
(5, 10007);

-- --------------------------------------------------------

--
-- Estructura de tabla para la tabla `ziax6_usergroups`
--

CREATE TABLE `ziax6_usergroups` (
  `id` int(10) unsigned NOT NULL AUTO_INCREMENT COMMENT 'Primary Key',
  `parent_id` int(10) unsigned NOT NULL DEFAULT '0' COMMENT 'Adjacency List Reference Id',
  `lft` int(11) NOT NULL DEFAULT '0' COMMENT 'Nested set lft.',
  `rgt` int(11) NOT NULL DEFAULT '0' COMMENT 'Nested set rgt.',
  `title` varchar(100) NOT NULL DEFAULT '',
  PRIMARY KEY (`id`),
  UNIQUE KEY `idx_usergroup_parent_title_lookup` (`parent_id`,`title`),
  KEY `idx_usergroup_title_lookup` (`title`),
  KEY `idx_usergroup_adjacency_lookup` (`parent_id`),
  KEY `idx_usergroup_nested_set_lookup` (`lft`,`rgt`) USING BTREE
) ENGINE=InnoDB  DEFAULT CHARSET=utf8 AUTO_INCREMENT=10 ;

--
-- Volcado de datos para la tabla `ziax6_usergroups`
--

INSERT INTO `ziax6_usergroups` (`id`, `parent_id`, `lft`, `rgt`, `title`) VALUES
(1, 0, 1, 18, 'Public'),
(2, 1, 8, 15, 'Registered'),
(3, 2, 9, 14, 'Author'),
(4, 3, 10, 13, 'Editor'),
(5, 4, 11, 12, 'Publisher'),
(6, 1, 4, 7, 'Manager'),
(7, 6, 5, 6, 'Administrator'),
(8, 1, 16, 17, 'Super Users'),
(9, 1, 2, 3, 'Guest');

-- --------------------------------------------------------

--
-- Estructura de tabla para la tabla `ziax6_users`
--

CREATE TABLE `ziax6_users` (
  `id` int(11) NOT NULL AUTO_INCREMENT,
  `name` varchar(255) NOT NULL DEFAULT '',
  `username` varchar(150) NOT NULL DEFAULT '',
  `email` varchar(100) NOT NULL DEFAULT '',
  `password` varchar(100) NOT NULL DEFAULT '',
  `block` tinyint(4) NOT NULL DEFAULT '0',
  `sendEmail` tinyint(4) DEFAULT '0',
  `registerDate` datetime NOT NULL DEFAULT '0000-00-00 00:00:00',
  `lastvisitDate` datetime NOT NULL DEFAULT '0000-00-00 00:00:00',
  `activation` varchar(100) NOT NULL DEFAULT '',
  `params` text NOT NULL,
  `lastResetTime` datetime NOT NULL DEFAULT '0000-00-00 00:00:00' COMMENT 'Date of last password reset',
  `resetCount` int(11) NOT NULL DEFAULT '0' COMMENT 'Count of password resets since lastResetTime',
  `otpKey` varchar(1000) NOT NULL DEFAULT '' COMMENT 'Two factor authentication encrypted keys',
  `otep` varchar(1000) NOT NULL DEFAULT '' COMMENT 'One time emergency passwords',
  PRIMARY KEY (`id`),
  KEY `idx_name` (`name`),
  KEY `idx_block` (`block`),
  KEY `username` (`username`),
  KEY `email` (`email`)
) ENGINE=InnoDB  DEFAULT CHARSET=utf8 AUTO_INCREMENT=207 ;

--
-- Volcado de datos para la tabla `ziax6_users`
--

INSERT INTO `ziax6_users` (`id`, `name`, `username`, `email`, `password`, `block`, `sendEmail`, `registerDate`, `lastvisitDate`, `activation`, `params`, `lastResetTime`, `resetCount`, `otpKey`, `otep`) VALUES
(205, 'Super User', 'admin', 'pablo.pantoja@nuevosmedios.ws', '$P$DLMRXPGajLMRVVI/rxtF2gcOL24JvC/', 0, 1, '2013-12-17 20:24:05', '2013-12-30 13:52:55', '0', '{}', '0000-00-00 00:00:00', 0, '', ''),
(206, 'Gerson Yarce Franco', 'yeiyei', 'gerson.yarce@nuevosmedios.ws', '$P$D6LdA6u2/fGcE.lkmtfs.X4MTBK.N1.', 0, 0, '2013-12-30 13:53:46', '0000-00-00 00:00:00', '', '{"admin_style":"","admin_language":"","language":"","editor":"","helpsite":"","timezone":""}', '0000-00-00 00:00:00', 0, '', '');

-- --------------------------------------------------------

--
-- Estructura de tabla para la tabla `ziax6_user_keys`
--

CREATE TABLE `ziax6_user_keys` (
  `id` int(10) unsigned NOT NULL AUTO_INCREMENT,
  `user_id` varchar(255) NOT NULL,
  `token` varchar(255) NOT NULL,
  `series` varchar(255) NOT NULL,
  `invalid` tinyint(4) NOT NULL,
  `time` varchar(200) NOT NULL,
  `uastring` varchar(255) NOT NULL,
  PRIMARY KEY (`id`),
  UNIQUE KEY `series` (`series`),
  UNIQUE KEY `series_2` (`series`),
  UNIQUE KEY `series_3` (`series`),
  KEY `user_id` (`user_id`)
) ENGINE=InnoDB DEFAULT CHARSET=utf8 AUTO_INCREMENT=1 ;

-- --------------------------------------------------------

--
-- Estructura de tabla para la tabla `ziax6_user_notes`
--

CREATE TABLE `ziax6_user_notes` (
  `id` int(10) unsigned NOT NULL AUTO_INCREMENT,
  `user_id` int(10) unsigned NOT NULL DEFAULT '0',
  `catid` int(10) unsigned NOT NULL DEFAULT '0',
  `subject` varchar(100) NOT NULL DEFAULT '',
  `body` text NOT NULL,
  `state` tinyint(3) NOT NULL DEFAULT '0',
  `checked_out` int(10) unsigned NOT NULL DEFAULT '0',
  `checked_out_time` datetime NOT NULL DEFAULT '0000-00-00 00:00:00',
  `created_user_id` int(10) unsigned NOT NULL DEFAULT '0',
  `created_time` datetime NOT NULL DEFAULT '0000-00-00 00:00:00',
  `modified_user_id` int(10) unsigned NOT NULL,
  `modified_time` datetime NOT NULL DEFAULT '0000-00-00 00:00:00',
  `review_time` datetime NOT NULL DEFAULT '0000-00-00 00:00:00',
  `publish_up` datetime NOT NULL DEFAULT '0000-00-00 00:00:00',
  `publish_down` datetime NOT NULL DEFAULT '0000-00-00 00:00:00',
  PRIMARY KEY (`id`),
  KEY `idx_user_id` (`user_id`),
  KEY `idx_category_id` (`catid`)
) ENGINE=InnoDB DEFAULT CHARSET=utf8 AUTO_INCREMENT=1 ;

-- --------------------------------------------------------

--
-- Estructura de tabla para la tabla `ziax6_user_profiles`
--

CREATE TABLE `ziax6_user_profiles` (
  `user_id` int(11) NOT NULL,
  `profile_key` varchar(100) NOT NULL,
  `profile_value` varchar(255) NOT NULL,
  `ordering` int(11) NOT NULL DEFAULT '0',
  UNIQUE KEY `idx_user_id_profile_key` (`user_id`,`profile_key`)
) ENGINE=InnoDB DEFAULT CHARSET=utf8 COMMENT='Simple user profile storage table';

-- --------------------------------------------------------

--
-- Estructura de tabla para la tabla `ziax6_user_usergroup_map`
--

CREATE TABLE `ziax6_user_usergroup_map` (
  `user_id` int(10) unsigned NOT NULL DEFAULT '0' COMMENT 'Foreign Key to #__users.id',
  `group_id` int(10) unsigned NOT NULL DEFAULT '0' COMMENT 'Foreign Key to #__usergroups.id',
  PRIMARY KEY (`user_id`,`group_id`)
) ENGINE=InnoDB DEFAULT CHARSET=utf8;

--
-- Volcado de datos para la tabla `ziax6_user_usergroup_map`
--

INSERT INTO `ziax6_user_usergroup_map` (`user_id`, `group_id`) VALUES
(205, 8),
(206, 8);

-- --------------------------------------------------------

--
-- Estructura de tabla para la tabla `ziax6_viewlevels`
--

CREATE TABLE `ziax6_viewlevels` (
  `id` int(10) unsigned NOT NULL AUTO_INCREMENT COMMENT 'Primary Key',
  `title` varchar(100) NOT NULL DEFAULT '',
  `ordering` int(11) NOT NULL DEFAULT '0',
  `rules` varchar(5120) NOT NULL COMMENT 'JSON encoded access control.',
  PRIMARY KEY (`id`),
  UNIQUE KEY `idx_assetgroup_title_lookup` (`title`)
) ENGINE=InnoDB  DEFAULT CHARSET=utf8 AUTO_INCREMENT=7 ;

--
-- Volcado de datos para la tabla `ziax6_viewlevels`
--

INSERT INTO `ziax6_viewlevels` (`id`, `title`, `ordering`, `rules`) VALUES
(1, 'Public', 0, '[1]'),
(2, 'Registered', 1, '[6,2,8]'),
(3, 'Special', 2, '[6,3,8]'),
(5, 'Guest', 0, '[9]'),
(6, 'Super Users', 0, '[8]');

-- --------------------------------------------------------

--
-- Estructura de tabla para la tabla `ziax6_weblinks`
--

CREATE TABLE `ziax6_weblinks` (
  `id` int(10) unsigned NOT NULL AUTO_INCREMENT,
  `catid` int(11) NOT NULL DEFAULT '0',
  `title` varchar(250) NOT NULL DEFAULT '',
  `alias` varchar(255) CHARACTER SET utf8 COLLATE utf8_bin NOT NULL DEFAULT '',
  `url` varchar(250) NOT NULL DEFAULT '',
  `description` text NOT NULL,
  `hits` int(11) NOT NULL DEFAULT '0',
  `state` tinyint(1) NOT NULL DEFAULT '0',
  `checked_out` int(11) NOT NULL DEFAULT '0',
  `checked_out_time` datetime NOT NULL DEFAULT '0000-00-00 00:00:00',
  `ordering` int(11) NOT NULL DEFAULT '0',
  `access` int(11) NOT NULL DEFAULT '1',
  `params` text NOT NULL,
  `language` char(7) NOT NULL DEFAULT '',
  `created` datetime NOT NULL DEFAULT '0000-00-00 00:00:00',
  `created_by` int(10) unsigned NOT NULL DEFAULT '0',
  `created_by_alias` varchar(255) NOT NULL DEFAULT '',
  `modified` datetime NOT NULL DEFAULT '0000-00-00 00:00:00',
  `modified_by` int(10) unsigned NOT NULL DEFAULT '0',
  `metakey` text NOT NULL,
  `metadesc` text NOT NULL,
  `metadata` text NOT NULL,
  `featured` tinyint(3) unsigned NOT NULL DEFAULT '0' COMMENT 'Set if link is featured.',
  `xreference` varchar(50) NOT NULL COMMENT 'A reference to enable linkages to external data sets.',
  `publish_up` datetime NOT NULL DEFAULT '0000-00-00 00:00:00',
  `publish_down` datetime NOT NULL DEFAULT '0000-00-00 00:00:00',
  `version` int(10) unsigned NOT NULL DEFAULT '1',
  `images` text NOT NULL,
  PRIMARY KEY (`id`),
  KEY `idx_access` (`access`),
  KEY `idx_checkout` (`checked_out`),
  KEY `idx_state` (`state`),
  KEY `idx_catid` (`catid`),
  KEY `idx_createdby` (`created_by`),
  KEY `idx_featured_catid` (`featured`,`catid`),
  KEY `idx_language` (`language`),
  KEY `idx_xreference` (`xreference`)
) ENGINE=InnoDB DEFAULT CHARSET=utf8 AUTO_INCREMENT=1 ;

-- --------------------------------------------------------

--
-- Estructura de tabla para la tabla `ziax6_wf_profiles`
--

CREATE TABLE `ziax6_wf_profiles` (
  `id` int(11) NOT NULL AUTO_INCREMENT,
  `name` varchar(255) NOT NULL,
  `description` text NOT NULL,
  `users` text NOT NULL,
  `types` text NOT NULL,
  `components` text NOT NULL,
  `area` tinyint(3) NOT NULL,
  `device` varchar(255) NOT NULL,
  `rows` text NOT NULL,
  `plugins` text NOT NULL,
  `published` tinyint(3) NOT NULL,
  `ordering` int(11) NOT NULL,
  `checked_out` tinyint(3) NOT NULL,
  `checked_out_time` datetime NOT NULL,
  `params` text NOT NULL,
  PRIMARY KEY (`id`)
) ENGINE=InnoDB  DEFAULT CHARSET=utf8 AUTO_INCREMENT=5 ;

--
-- Volcado de datos para la tabla `ziax6_wf_profiles`
--

INSERT INTO `ziax6_wf_profiles` (`id`, `name`, `description`, `users`, `types`, `components`, `area`, `device`, `rows`, `plugins`, `published`, `ordering`, `checked_out`, `checked_out_time`, `params`) VALUES
(1, 'Default', 'Default Profile for all users', '', '6,7,3,4,5,8', '', 2, 'desktop,tablet,phone', 'help,newdocument,undo,redo,spacer,bold,italic,underline,strikethrough,justifyfull,justifycenter,justifyleft,justifyright,spacer,blockquote,formatselect,styleselect,removeformat,cleanup;fontselect,fontsizeselect,forecolor,backcolor,spacer,clipboard,indent,outdent,lists,sub,sup,textcase,charmap,hr;directionality,fullscreen,preview,source,print,searchreplace,spacer,table;visualaid,visualchars,visualblocks,nonbreaking,style,xhtmlxtras,anchor,unlink,link,imgmanager,spellchecker,article', 'charmap,contextmenu,browser,inlinepopups,media,help,clipboard,searchreplace,directionality,fullscreen,preview,source,table,textcase,print,style,nonbreaking,visualchars,visualblocks,xhtmlxtras,imgmanager,anchor,link,spellchecker,article,lists', 1, 1, 0, '0000-00-00 00:00:00', '{"editor":{"allow_javascript":"1","allow_css":"1","allow_php":"1"},"media":{"iframes":"1"}}'),
(2, 'Front End', 'Sample Front-end Profile', '', '3,4,5', '', 1, 'desktop,tablet,phone', 'help,newdocument,undo,redo,spacer,bold,italic,underline,strikethrough,justifyfull,justifycenter,justifyleft,justifyright,spacer,formatselect,styleselect;clipboard,searchreplace,indent,outdent,lists,cleanup,charmap,removeformat,hr,sub,sup,textcase,nonbreaking,visualchars,visualblocks;fullscreen,preview,print,visualaid,style,xhtmlxtras,anchor,unlink,link,imgmanager,spellchecker,article', 'charmap,contextmenu,inlinepopups,help,clipboard,searchreplace,fullscreen,preview,print,style,textcase,nonbreaking,visualchars,visualblocks,xhtmlxtras,imgmanager,anchor,link,spellchecker,article,lists', 0, 2, 0, '0000-00-00 00:00:00', ''),
(3, 'Blogger', 'Simple Blogging Profile', '', '3,4,5,6,8,7', '', 0, 'desktop,tablet,phone', 'bold,italic,strikethrough,lists,blockquote,spacer,justifyleft,justifycenter,justifyright,spacer,link,unlink,imgmanager,article,spellchecker,fullscreen,kitchensink;formatselect,underline,justifyfull,forecolor,clipboard,removeformat,charmap,indent,outdent,undo,redo,help', 'link,imgmanager,article,spellchecker,fullscreen,kitchensink,clipboard,contextmenu,inlinepopups,lists', 0, 3, 0, '0000-00-00 00:00:00', '{"editor":{"toggle":"0"}}'),
(4, 'Mobile', 'Sample Mobile Profile', '', '3,4,5,6,8,7', '', 0, 'tablet,phone', 'undo,redo,spacer,bold,italic,underline,formatselect,spacer,justifyleft,justifycenter,justifyfull,justifyright,spacer,fullscreen,kitchensink;styleselect,lists,spellchecker,article,link,unlink', 'fullscreen,kitchensink,spellchecker,article,link,inlinepopups,lists', 0, 4, 0, '0000-00-00 00:00:00', '{"editor":{"toolbar_theme":"mobile","resizing":"0","resize_horizontal":"0","resizing_use_cookie":"0","toggle":"0","links":{"popups":{"default":"","jcemediabox":{"enable":"0"},"window":{"enable":"0"}}}}}');
